"","rGAL_1 MaxLFQ Intensity","rGAL_2 MaxLFQ Intensity","rGAL_3 MaxLFQ Intensity","UL_1 MaxLFQ Intensity","UL_2 MaxLFQ Intensity","UL_3 MaxLFQ Intensity"
"HNRNPA1L3",14.3581041119306,14.3024894206231,15.2654097540126,15.1591724409281,14.9262352016229,14.8596944892417
"TTC34",13.6248216096102,12.9675148410424,17.106642985717,13.9164694600553,10.9383515933464,14.8042563945411
"MYO1G",15.4408048157494,15.6464746142426,15.4077363581904,16.0917814312927,15.3713097344526,15.4140914882328
"C11orf98",15.9858131921921,15.9989856888442,16.0499553015314,16.0132957578732,16.0045329929777,15.6868335867105
"AP3B1",14.6586209768278,13.8752813017802,13.9961655679467,14.3442308464513,14.942031647688,14.4937999839539
"PDHX",15.0676719892268,13.2203881356428,11.5114998228647,14.8324376180078,15.1096543866509,14.9116471148156
"IPO5",12.2723553155056,12.8439377074647,12.729456646777,13.0485826588154,12.3459168359078,12.7676617495321
"KPNA3",15.2530178302658,15.6545206564164,15.4445894261483,15.4082574184251,14.9731568373077,15.0688556773907
"NOP56",15.1337510219925,15.5762348414906,14.9241863835686,14.4950713352488,14.481893380338,15.3218321820655
"DDX3X",14.9285556172576,14.4249752154596,15.1816399072597,15.3426312361243,15.1259804434746,15.0396156551053
"AP3D1",15.7394948898985,15.2136998009076,15.517589735096,16.0007458541493,15.884928069035,15.8651296055512
"PRMT5",16.0317170095883,15.7830591813529,15.5046622858599,16.2779629603021,15.9031431083991,16.2019649869774
"GEMIN2",15.4998072785329,15.4042853436619,15.6139114485259,15.2630865041708,16.1251903529392,15.3856672920573
"MYL12B",15.8249545651372,16.1442180867976,15.9701673350951,16.3126945604138,15.5592615519846,15.5559610194217
"POLR1C",16.4846437103278,16.8436917486566,16.5912087974772,16.8820077784025,16.551173729879,16.6559077266686
"POLR1G",15.8710255823291,15.6206186540142,15.7840144207765,14.9620743170193,13.5623137539694,13.3106422261967
"DHX15",14.9449797509263,14.8670402659895,14.6301837690195,14.2593615050259,14.949549443672,14.458991403976
"EEF1E1",17.1114258758064,17.8645559136392,17.8424032599238,15.5370432410484,15.0238963984118,15.9259522387799
"PRPF3",14.5081470343771,14.3428304816417,14.4732442442094,14.3945341041038,14.5588248600079,14.3851132959727
"TGM5",14.6584551289947,14.9477872717255,15.0316298759536,14.8998844298684,15.1456858129453,15.2441053861009
"ACTN4",13.1433348197731,12.3278824402382,12.7733550589692,13.2642609323708,12.3459168359078,13.2319962547971
"MED14",13.0281868539545,10.8393228176007,15.0595840168741,14.9801208296239,14.6020944069083,15.063942392587
"SMARCA5",15.3663867652076,14.8129940063909,14.8478278308229,15.1849837888461,14.9208864161844,14.9794504854715
"NEMF",15.0992111950496,14.8047591889905,15.2050983040581,14.9840570276806,15.3626361436698,14.5156149025333
"H2BC12",18.2840066607291,18.1936761787765,18.1686438178121,17.986489710487,17.6477401753165,17.9923016410154
"DKC1",14.6946098144561,15.1610566750326,15.344927295616,14.0736324817089,15.0980707495654,16.1511323178194
"EIF5B",14.4044840013816,15.5439410376288,15.6170355850887,15.9706957305253,15.5124503023213,15.7853060966652
"ANKRD17",14.9397607793557,14.3169964080109,14.791148895078,15.2279464229025,15.102422341701,15.1388545370232
"PSIP1",15.6322554332484,15.5895589271745,14.5406060519507,15.7378367245498,15.740737475195,15.521230333616
"NPM3",15.1514586692216,14.971760157488,14.913772651,14.93302548634,14.8306566669459,14.893640452323
"EIF3G",14.3275325051529,13.6445553892777,14.317872145222,14.7394093422292,14.1537902973739,13.7511998716692
"BCAS2",13.7229564881449,15.1158380763439,14.5095222879238,15.0019589084757,13.9290476302917,14.6713162638658
"SRP72",18.6241189625966,18.5730503045693,18.6240638295893,18.3939879091325,18.5020038314285,18.3152196286519
"TOX",14.4529729768623,15.1023218630919,14.2248250178411,14.6320766402931,12.5353986090568,12.3130613892209
"NDUFB4",14.294060892404,14.816032095325,14.2813791338485,12.404394317751,14.1537902973739,12.7144977877528
"POLR1A",15.4278054123688,15.378413540066,15.4951332178333,15.7661075865503,16.032879135162,15.4055198749176
"AP2A1",15.0250440688364,14.7961479793131,14.8319576758149,15.0129278325674,15.2253784229333,15.2972066447357
"CAVIN2",14.3449745043997,13.6525381436592,13.8053796262735,15.0851185886854,15.0052405805322,14.1905558341042
"BAG2",15.1548535036854,14.5461518257052,14.9410449920955,14.7351782189238,15.1144617065161,14.7451537003267
"ACTL6A",14.2444515478368,15.097472329482,14.4933797041484,15.4529785538853,15.1464073817559,15.4160659685937
"LDHA",15.5791873681572,15.2711281402206,15.6508613043299,15.6941017251645,14.9929115685445,15.5585396075359
"JCHAIN",10.579911714899,12.1599016415332,16.3553834465711,14.0420534777318,14.9942762963062,14.6117994383011
"IGHA1",10.7524961005816,12.8292105469051,17.0256304511027,13.8501374300964,14.4407007568677,13.6608888297312
"LMNA",14.7705323228197,14.8616509302101,14.8566902221519,14.5079490825427,15.1031773478443,14.853809245714
"TFRC",15.5552035327818,12.8300672407115,12.6580020613465,15.9939520430665,14.744804937069,15.0074055377613
"CAT",14.754938847167,14.1490716505854,14.3895489989764,14.0555321567378,14.6842063026963,14.1679751224477
"ANXA1",15.7437487547054,15.5360381733611,16.1168058989897,15.4190618337137,15.4847341703194,15.9583709398104
"GAPDH",15.4954493367587,15.5584068112373,16.4083063525167,16.945500007662,16.4598779089957,15.9927698246055
"HSPB1",14.8085964306762,14.7593622087877,15.4272185472598,14.5682721649216,14.2617032791079,14.8934244050162
"RPN1",16.4757138964495,16.2429729131836,16.4248023807573,16.3790238606858,16.5024789481568,16.4731917233131
"GNAI2",14.306379974162,14.4249616386821,13.857222234199,14.138982891475,14.1515568139256,14.2338799961705
"H2AC4",18.4907386317775,18.7190197569924,18.824927673339,18.4264872917273,17.8768292648663,18.253272602044
"ARG1",15.0991468494351,14.5738428350083,15.4460138559975,15.3592910969366,15.4028991421236,15.5158811184266
"S100A8",14.8048611604133,15.0733489986522,15.3891881922983,14.4285982684069,14.8572776945088,15.2388155891486
"PCCA",15.0687807966547,14.8828564672401,14.0936851149392,15.2677523078006,14.580675720267,14.8355438825757
"EIF2S1",18.8059343341118,19.0655549781363,18.8027381089263,18.7728816562266,18.3765541175467,18.7769798384376
"GSN",14.8278874827462,14.8337223490558,14.8376185221177,14.7064843085274,15.0339802948775,14.85482417473
"PTMA",16.379019882679,16.5304380389744,16.4499934852161,16.6641376619035,15.2777024349449,16.6447231664597
"ATP5F1B",9.98413929237744,12.3331045692884,12.7060126625574,11.961131166581,11.6567625252385,10.2077286557174
"S100A9",15.2822743641186,15.1921170909119,15.2734911211421,15.5781697243788,15.1914130571945,15.8373857391368
"ENO1",14.891786925757,14.6065902803705,15.2923752726791,15.3104653806797,15.1961630888717,15.1409762371369
"NPM1",16.0992798947904,15.7704784860198,16.3284773635837,16.0544971674221,16.4970593717415,16.6002979239014
"CTSD",13.1090879857475,15.2500183355412,12.66227740796,15.4214121789579,15.7462756951489,16.2642774652385
"ANXA2",16.3724070051691,16.0296133496301,15.9280769496423,16.0473298019126,16.727144297479,16.5003808516438
"TUBB",16.1191354650537,15.9781498134744,15.9474419098377,16.0095806547142,15.1885109603252,15.6819145989606
"APRT",16.3798301539349,12.834873894941,11.2929991237483,15.0051630633752,15.4498350650612,14.9775700792598
"EPRS1",17.3282312037289,17.3414556692079,17.2875375323493,17.2015507806886,16.8913563364338,16.9407327162606
"HSP90AA1",15.7125602094157,15.4591667885793,15.135705999962,15.5591504266694,15.4925813357378,13.8559933946457
"HSP90AB1",15.0514819699298,15.3961200109349,15.2566683047785,15.1154629659675,14.0425995397407,15.228757825515
"GSTP1",15.6334522128737,15.5929173251113,16.6578533591209,16.6578537777044,15.9292248147219,16.3399635786441
"PARP1",19.5308827443768,19.6739414412263,19.7659332054845,19.3880634202319,19.2365560073304,19.3002655444444
"UBB",16.9375514102811,17.0784349021004,17.1691125131621,16.3871518461783,16.5210725204066,16.612192363471
"CALM1",15.6139364769975,15.5398398825818,15.6388420956094,15.8964551148157,15.9011128166867,15.5649628015719
"H1-4",18.4699589298429,18.5838888194829,18.4732994747198,17.9030141960197,18.0590722713891,18.0759016216144
"DLAT",15.4779887276737,15.7452245933019,16.4250934329654,16.5193334074289,16.1785392009873,15.8308723209064
"TXN",15.0327590610802,14.994334444782,15.2289926299588,15.041319739607,14.7935624154073,15.4482831428758
"HSPD1",15.3077161076659,15.3414369917621,15.1855536157414,15.1871804645652,14.5976495363962,15.1535636292703
"HSPA5",15.9281034667547,16.1639026875396,16.0815785133575,15.9347585896533,15.7621633234347,15.9844432259809
"HSPA8",18.2338651102524,18.3128890692871,18.1060462706968,18.2000015255947,18.3092477615787,18.0011855051446
"PC",17.0541394113989,16.9223018147424,17.1865532117867,17.3606449624346,17.1858008411508,17.2660854974045
"PABPC1",15.3868343490765,15.4576621630737,15.0600665571748,15.3484203455329,15.0185380752504,15.2740386984835
"SLC25A6",16.1916537100804,16.1022851558956,15.9049161060026,16.4907015804066,16.3850332597265,16.3703234352177
"TPR",13.7726903556963,14.0664940505017,14.0759965850907,13.8110923689237,13.9937599179174,13.6907182657972
"PIP",11.024971734638,14.2278087511139,12.9153390943597,15.1052256196953,15.5845504907049,15.5420451901075
"XRCC6",14.6594672680999,14.8012297553747,14.2579471616542,11.3872025108412,13.4385706932902,14.3609634413449
"EEF2",16.1271026349545,15.7125098855301,16.2723606759694,16.2300003522538,15.6270625890566,16.082037574216
"ETFA",14.408444188442,15.578001413813,14.7988525239314,13.2778088442104,14.1663148464329,13.1739517530847
"DARS1",16.7522067024531,16.6736582772544,16.569021902629,16.5673641865035,16.7107124962161,16.4704513891224
"JUP",15.376243573617,15.0150728508892,15.1320592628661,15.3604134905408,16.1160088368983,16.0876509561537
"ANPEP",17.7949870736547,17.7731643248522,17.8133785078924,17.5592417693282,17.4278855325082,17.5169837359625
"DSP",16.1158466493875,16.2822446768752,16.0418417867744,16.263141168713,16.5347361791851,16.77111182684
"H1-5",19.6568247766649,19.566499941705,19.7520016279642,19.1826057914375,18.8154257023784,19.3122851642663
"H1-3",19.7385342244805,19.7470312832337,19.6497673549145,19.2468421735612,18.5821497750613,19.1974616305519
"H1-2",17.5362402329301,18.1725891425373,16.9695583033547,18.6011583659921,17.9190806078785,18.1266997345565
"UBTF",16.1517237555719,15.8964911124499,15.6530094790217,15.8358142108298,16.0629477512013,15.8841423710139
"DDX5",15.9485332533419,15.9967038566624,15.5785926407684,15.6092462763017,15.5982065636213,15.7029387513127
"TCP1",14.3740945260906,13.9255944008601,13.5641830794231,13.9807888228495,13.0756180015637,13.2052866949167
"RPL7",15.6348416730905,15.5336862247341,15.6590377436345,15.6055474611015,15.4162873953905,15.3487944652332
"SON",16.4921137159351,16.239262129681,16.268483610759,15.5798469201794,16.0612621163795,16.0161053074158
"RPL17",15.8935201324692,15.7345619248043,16.1660300604076,15.5982407653973,15.2639625750293,15.5134962972135
"POLR2E",15.1713900032775,15.3597989668407,15.0591731137121,15.2719221864884,15.0591724798379,15.028893279475
"EIF2S2",17.8591564466865,17.9188153228515,17.7623272072627,17.3507672575083,17.36438827421,17.6088946969142
"LMNB1",14.5097020675119,14.4162841951558,14.1296310895373,13.9445889948592,13.3933595706289,11.9199829861539
"FLG",14.4841776649682,15.4046102958632,15.2380012388487,14.9423808959152,15.4447210893594,16.1345093466
"FLNA",15.0327128363502,15.0865991868293,15.2588089161803,15.1384478859091,15.1471553871092,14.8165773582355
"FBL",15.6856015720299,15.5438592349421,15.5483851454014,14.8019581316557,15.4407024436675,15.2199959492356
"HNRNPA2B1",14.8574959667463,15.1048703389277,15.0012286380624,15.1163360410149,14.9140335258357,14.9476851943808
"TGM1",16.3392160407062,16.5782392606677,16.5503471936918,16.4833198285755,16.7264385069326,16.5560151638705
"XPA",13.9762436878169,13.5343495771554,13.648389491734,13.39357158743,13.3464203526299,13.2780467338472
"PPIB",14.8192716065744,14.8398533763185,14.6422909185158,14.3560685486542,13.3516931734308,11.9546794474402
"RPS3",16.0243376018071,16.4194287772678,16.1933189824449,15.3428140611576,16.1810079879147,16.2279430395371
"MCM3",16.9301549591793,16.6415357277309,16.3306746351054,16.0620556268843,16.1158574976682,16.2096974242498
"AZGP1",14.8099471484221,14.9004526865018,14.5221133272286,15.0793719855323,14.98248334673,14.7680006578715
"ATP5F1A",15.4890310087787,16.0041982971789,15.1493170090866,15.8841097614754,15.3834717660447,15.5685269995207
"PSMA3",15.7138582244391,15.4198737912634,15.383193798852,15.948825986404,16.2550335504727,16.2257547843439
"MSN",17.6357857734119,17.461805791349,17.6143191859161,17.7788669141431,17.4021260497764,17.8398899779941
"RPL13",16.9891477684931,16.4946683619164,16.9095571391009,16.9591188757234,17.1196282204221,16.8732718401358
"VARS1",15.2606723392609,15.1437638483894,15.4256040671961,15.8977306142706,15.2339904131296,15.3148597768016
"EEF1G",18.4448056208354,18.0666295111181,18.4121216638654,18.7072286866417,18.0901203300619,18.2633667756126
"STOM",14.8539177989254,15.2145115128503,14.4947634135296,14.9115515225968,14.9788130008387,15.0317592608304
"CANX",14.891786925757,14.5293212863574,15.49019548719,15.4968992352937,15.0103220106066,15.0880764031314
"PSMB6",14.671209987267,14.806971101646,14.6779246804517,13.8232673148266,15.0001965696572,14.8092513736569
"SERPINB3",16.0499773101914,15.4554784564488,16.1186014820912,15.6388897959932,15.9989055001023,15.7465250790425
"EEF1D",15.6181484177901,16.1154497981506,15.9330465167441,15.5641593167638,14.8265061829752,15.2939899344515
"CORO1A",13.4493408371164,12.6238037076375,12.8478264022051,12.8320956804953,13.3358395443882,13.3604450948559
"HNRNPH1",15.2136854117314,15.5213891111337,14.9898435867497,15.5913398359741,15.4324868326489,14.9305458554996
"CASP14",16.2276648245595,16.0402550404396,15.7017702268632,15.6441103296796,16.3756705741995,16.7376159195268
"PRDX2",15.6686240925256,15.8192082778959,15.6682177053671,15.241814008804,16.1829795148022,16.2436269864369
"RPL9",15.217028951743,14.6167659783119,15.3823484292901,13.2531927839328,13.1154818986622,13.4254853997912
"RFC4",15.4384223290317,15.8150249793832,15.6262836949993,15.8790237761546,15.7213612302912,15.8718527908149
"RFC2",15.0676719892268,15.4169132182444,15.233307648234,14.8908820218444,15.1340811279368,14.8930480698587
"RFC1",16.0775613811184,16.0345145472381,15.7717586601108,15.8656386053805,16.0546675658984,16.1190590490869
"RPL22",18.4595211919258,18.2445217884974,18.28073181017,17.8130348543609,17.4979795075681,17.5796441605094
"GTF2F1",14.4036516514845,14.1791750735788,14.2938087891149,14.465037668351,15.0221115905269,14.5059044479874
"MYH9",20.7477788082633,20.7965473667072,21.0379558873043,21.0710256216376,20.6159103085009,20.733502388097
"MYH10",14.7420641233839,14.3441564868989,14.3403754027492,14.8562143419897,14.8012440051289,14.4072222145199
"DEK",17.365491845046,17.1755122236158,17.1107646764235,16.9924072046988,16.8391875458738,16.9402191810462
"ATP5F1C",15.7421836264119,15.9780282258508,16.3644939499693,14.9561405746683,15.4973655563017,15.0554889861024
"PPP1CC",14.8374683804097,14.9307801115064,14.7712943148781,14.6015042040536,13.5709846447846,14.2009850936684
"DLST",16.1102040297815,16.3590638702181,15.8106244746884,16.3653085562241,15.758208637769,16.2120585857649
"SRP14",18.0527748311888,18.2735869148322,18.0130067003034,17.9901564392507,18.0616491184376,18.1132943569485
"HSPA9",16.6384766419456,16.7734708596432,15.7440680432815,16.3053852675792,16.6362079844617,16.65474831519
"EIF4A3",15.5221489214661,15.2260207574804,14.7534905719533,15.5359433433691,15.803476041881,15.6189991136752
"RPL3",15.3432754646139,15.0803651309395,15.1960734666583,15.4240490125797,15.3405052450397,15.2671264620133
"RPL13A",16.1327348713631,15.621084444402,15.9287527525252,15.5232985790436,15.1071640608065,15.7956560376933
"RFC5",14.7131771628932,14.7099229859864,14.8931064371596,14.5168668134371,14.890800864717,14.7800734202877
"RFC3",16.069162114436,15.877055099011,16.1321199279246,15.9517967626108,16.0599558414532,15.88176746212
"HADHA",15.5903645354057,15.8106903650229,15.2785671370291,15.7050820119399,15.6886292400507,15.8594081179434
"EIF2S3",20.8845107724083,20.8255010658716,20.8633823895128,20.8451496586206,20.3259430994972,20.4669272169884
"CSK",15.5281245360285,15.8786435933666,15.079370027006,15.4214728979639,14.6715898817858,15.3051565160866
"IARS1",16.3028986790331,16.0953257269718,16.4221117555203,16.337304221861,15.9458291269779,16.0296004096592
"TMPO",17.1307168478511,17.12729331065,17.0998874255353,15.6777687710442,15.9621853924945,15.5660346482575
"STAT1",14.5007958300673,13.7458535994409,14.2722146005305,14.3475622008036,13.1605393824848,13.2620442097922
"RBM34",14.812189321892,14.7602679950756,14.6731090125429,14.6864801187694,13.5709846447846,14.2908635144333
"RPL35",16.9163946517139,16.5287362792518,16.9578139607033,16.1938706696885,15.9617042146483,16.395045991941
"MATR3",15.404544938103,15.2042148585068,14.5971579264634,14.8998559260119,15.2128157581459,15.1062181736522
"RPL27A",19.7725355959765,19.3584678307214,19.842346353111,19.7706467959089,19.6321064761679,19.823553150713
"RPL21",16.5729198584306,16.6674328630609,16.5631393571085,16.3687852269328,16.1279584626614,16.126858307485
"RPL28",17.8900190008658,17.7119220115675,18.0291577927793,17.5480911363331,17.7466414593349,17.4065695036616
"RPS9",14.8304840611443,14.5584643617869,14.8460659359056,14.8592721189862,15.3507386015099,15.1609956395196
"IQGAP1",16.0483024383687,16.0707532431406,16.0251539268529,15.9460355482856,15.7968397966016,15.4585879640876
"QARS1",15.3724817253191,15.3666001043734,15.5021222133852,15.2281334730741,14.7245798259193,14.5753971920495
"RPL29",17.5543938432518,17.2484705722607,17.6282204574828,16.7373960314162,16.3611429297517,16.9332087311054
"LGALS7",13.1375059670024,13.045688198444,15.0971707008047,14.9905782676311,15.5417350918379,15.2247119904256
"ATP5PO",14.8432561634094,14.9204302735051,15.4083147126158,14.9004133950992,14.9140905362689,14.5488488142778
"PIP4K2A",18.5579627352896,18.374748586746,18.4152782273878,18.5281702079197,18.2259845255255,18.3907684148136
"TUFM",14.6715658947677,15.3404146278974,14.4402047521753,15.2303934490771,15.2844476927548,15.4769719870276
"SRP9",19.3615713783242,19.0420626182326,19.0009429821977,19.2370914790794,18.9841593013983,18.7827986168421
"CPT1A",14.1983724211267,14.0758587429404,14.1630301557999,13.9500263621447,14.2255838806111,13.9788002304556
"CCT4",13.5637523669369,12.1947264498453,14.147366567067,14.5982164228899,14.4450369673678,15.6782999594075
"SMARCA2",13.3199602844171,13.0852170989744,12.7409831136638,13.384467282835,13.68076937179,13.4408964124938
"MECP2",14.0191936893639,13.7644081334342,14.9141580112803,14.5473420984371,14.1361852969304,14.3127462784075
"HNRNPA3",15.0009267025534,14.1994718288015,14.537245159565,14.8828491612202,14.8457679781895,14.3423301457799
"HNRNPM",14.9514937266642,15.9514381753114,15.5818609499035,15.4958089116121,14.5479299403419,15.5025540013556
"KPNA2",14.9117147978121,14.5817460802443,14.5712317408315,15.1750500097502,15.2416700205126,15.5109205173299
"POLR2H",14.1103093243978,13.9395960175005,14.2026495830122,14.1425067752731,14.1724411041694,14.0701964323587
"HNRNPF",16.4793002961418,16.9321271880957,17.0622643726997,11.9429521042349,13.1389626022051,16.202075217783
"RARS1",15.7500832605092,15.674410719693,15.5721126799011,15.3064804204626,15.6290642830517,15.5130287755069
"HADHB",15.9734490790775,16.0536238747145,15.8970319149012,15.9033118271873,15.9911137717481,15.7396015800374
"EIF3B",15.4109136142923,15.3497953979679,15.1712004539653,15.2659029927447,15.3278156172435,14.9719664932977
"MARS1",15.1574599573121,14.8234190411836,15.3161496322732,15.0957038018898,15.6454375534794,14.7182183492508
"EIF6",12.1042068817299,13.987362350064,10.2954107674692,14.30228548875,15.0067415344552,14.5116025710917
"GNG2",15.4019735807717,14.9808328599047,14.9729618419865,15.2262009438283,14.9472223318324,14.9180915691385
"AP3S2",15.8474161150862,15.8566719144901,15.3718932121099,15.6000694083987,15.6366877710526,15.4788542881262
"ARPC4",17.0584830824489,16.6712507957527,16.6939045250442,17.2318716983437,16.7667515950358,17.0204367866116
"TPI1",14.5347776022849,15.0612103404112,15.2268253429209,15.1188054893457,15.4772418870061,15.5372603591992
"MYL6",16.2196601270129,15.9118651073018,15.6443392145008,15.7968110070707,15.7479131954757,15.9985224272126
"ACTB",19.0624098443479,18.980475996143,19.1553224006163,19.5107657129554,19.0693821080425,19.1308442696434
"EIF4A1",15.7676166017234,15.6235342597379,16.2582430475088,15.8860007073807,15.3221546957403,15.8483688914648
"RPS3A",19.9672639786568,20.0433733863247,20.033187989504,19.620765373167,19.442230579346,19.4652758310264
"RPL26",18.7069920345759,18.3787854994719,18.523439669116,18.0808931343202,18.2056048930964,18.2190775076045
"PSME3",14.6946098144561,12.9601001742293,12.7515384273587,14.0827328553609,15.0980707495654,15.2560478795821
"RPL15",15.1455011351924,15.1951054071961,15.0320351340379,15.0812570630135,15.1746062355779,15.2162167813955
"RPL37A",17.1105468259872,17.3198407359537,17.787486847475,17.0579681442807,16.5691222101611,17.1174877736288
"LYZ",17.2438392129066,16.6027458330228,16.5202161196012,16.8129027207809,17.0222100096283,17.1487518278539
"DAD1",14.5920081108028,13.7359857011187,14.3882301748193,13.1721272902937,13.167207899901,13.9042365462322
"RPL37",15.6093162932952,15.5347894546038,15.6881839108448,14.8576911735913,15.5678179649689,15.5647109978662
"HNRNPK",16.4012864373535,16.2896779742837,16.1548304676121,15.8657255393464,16.18783396081,15.6101138892661
"RPS7",15.6152129284879,16.2668619230544,16.033280600647,15.1422231544721,15.7618171425071,15.1482507859134
"PPP1CB",15.6070265412885,15.0593854458968,14.7357792570226,15.3587071687933,15.2336545005293,15.1419292230075
"RPS8",18.504164838907,18.6399209276304,18.7623979361961,18.7817891024307,18.2787951713815,18.3862891718602
"RPS15A",16.3763128039766,15.8432319665076,15.8308762811919,16.4703362745393,16.4103428604148,16.1654368045732
"RPS16",14.3078939503734,13.8063684682081,13.6437177745795,13.5376525514638,13.1341659726514,13.3379701218878
"RPS14",17.5859772724925,17.4797681878482,17.4384466961363,16.4771250198398,17.4518849635265,16.691898007489
"RPS23",16.6496148977558,16.6954723184287,17.5563203621943,16.5598082989185,16.1079027813419,16.5055781296268
"RPS18",15.6802363265154,15.1861285580641,15.9506187265429,15.6980268879601,15.9924590984785,15.428199784365
"RPS29",15.5799257716488,14.9889923448923,14.9789577532306,15.8836533652897,15.1685622431949,15.2754898144054
"RPS13",18.1960764644038,18.2335202090788,18.196958030893,17.7496581287327,17.7948325052102,18.2155901596408
"RPS11",17.3034004782982,17.321161811899,17.4968446513146,16.562839100197,16.5911012458393,17.0138310082269
"SNRPD3",16.4296373751247,16.5698642098999,17.1654350379825,15.6289027179459,15.9415407883481,15.3191986236663
"RAB11A",14.9525701848183,14.7984575745679,14.6659278870031,14.8356848010138,13.4137798272838,11.2805235863539
"RPS4X",18.2159034087337,18.0605622136304,18.3286354868607,17.9470310842867,17.5891676023256,18.1434255670231
"RPL23A",18.8121190057761,18.8056814077459,19.1300864596589,18.1810662409101,17.8029001988696,18.2395494447875
"RPS6",17.4808631574448,17.2360536307077,17.5384017551063,17.543288795552,17.3146901538146,17.3206310765452
"H4C1",16.7094911020238,16.8142129833282,17.1584116669396,16.3199264469062,16.3257112614103,16.3576762901363
"RPL23",15.6714908066193,15.3615469369155,15.6457029530926,15.515077548017,15.4162873953905,15.4128881797071
"RPS24",18.6830568336644,18.2625330466291,18.8404428565728,18.4175295069775,18.0389378992559,18.4836404041017
"RPS25",16.779819431973,17.0580954423418,17.0042167349028,16.237016911179,16.171117752929,16.5983857940218
"RPS26",16.8379927489537,16.6294828446812,16.8873370108975,16.335679168377,16.1409803098713,16.1775032411509
"RPL39",16.2722193399209,16.0556293177162,16.0352785205155,16.1691521793203,15.7078097690726,16.3856351083999
"RPL31",19.7290718555985,19.7344598031799,18.9599793841237,19.2653592276235,18.9884878458901,19.370415096597
"RPL32",16.4251791796855,15.4321153314758,15.810756879832,15.7669417247103,16.6213346133109,15.6783792397685
"RPL11",15.2550385311095,16.1073621716321,16.5441433887721,15.6926967872068,15.2593004436917,14.6301546518692
"RPL8",15.855514948608,15.6453052013035,15.9368873527899,15.7697509002486,15.7243306535379,15.547097987524
"PPIA",14.5002562625871,14.2915832706795,13.6721199966707,14.0077022769169,14.6248137817455,13.6149608907722
"YWHAZ",15.0299230116427,14.7534611131654,15.2006057385583,15.1350079658799,15.2327330725847,15.2141365712904
"RPL38",15.7237510715809,13.8756854307054,15.4667665358986,14.8557819501136,15.279744725856,14.9116471148156
"TPM4",14.8748845501706,14.6113453093533,14.2720160425411,14.882768601541,14.8576672661813,14.4545531953723
"ACTC1",16.1793026575488,16.2439456397456,16.3901098953349,16.1103766616091,15.1591778031777,15.7550358967556
"EEF1A1",16.9396548041555,17.3183035999032,17.6544520580783,17.1697351812581,16.8507495479622,17.5902064737018
"TUBA1B",15.2421044364117,15.5835740841976,15.5069296680892,15.4726950589419,14.8892985149418,15.4373473302342
"GTF2I",15.9797010558001,15.9633301353839,15.9790874149164,15.8172176973302,16.4333358753113,15.4959768490474
"PIP4K2B",15.6730175033176,15.4027953100288,15.7976708212782,15.8945982451796,15.9840860078249,15.6573982869197
"DCD",16.8936001058835,16.5690555865573,16.3021065961993,16.3613974180997,16.4244620621678,16.6646717159491
"MRPS15",15.1641417091681,14.6786668699038,14.8582692527091,14.9048126604843,14.8879705229329,15.0408094018045
"RPL24",16.9829504722887,16.9557906469696,16.9559358552519,17.2675075433463,16.4591997749008,17.1760055835028
"RPL19",17.755943059837,17.3366651129617,17.8581522369854,17.495333060773,17.2544766252813,16.9921509172125
"TFAM",15.5684111226079,15.4415963646795,15.0637247347209,15.2610837675611,15.3369644075402,15.3134887004712
"SLC25A3",15.6125304699906,15.8375607487284,15.3036651082251,12.1390052301946,15.0190522667022,12.9015949883104
"HDLBP",14.4911241132457,14.5083596305253,14.8628280449116,15.1000545183997,15.1998205149792,14.6030107967002
"CLTC",15.5435475374755,15.5732793077906,15.6028109768539,16.0389438453972,15.7215651795786,15.8110309386951
"HNRNPU",19.2671637332273,19.9711224276565,20.4327066343339,17.2049772271426,17.5861368979958,16.3140240349382
"FABP5",15.293981296931,16.9010220713772,15.2001790699422,15.3756108603839,14.777436514119,15.7599538840464
"DSG1",16.1485697267449,16.2911796945492,15.7950558137022,16.0968404378902,16.1252334452666,16.2599005534451
"EIF4G1",11.3496921596363,13.9045650063781,12.951610272104,13.5848584745256,14.0351989807173,13.7706207435503
"PRDX1",16.6928283080343,16.9102840614114,16.9933365841287,16.2493131134624,16.258137835876,16.7676355966633
"TGM3",16.1089586129233,16.2053171333962,16.60275612519,16.3908275998347,16.5075676530211,16.6087851355814
"DSC1",16.2623830178313,16.5426248868493,16.5896844985049,16.4220862073062,16.8923498736421,16.3430925245006
"RBBP4",16.8035998978851,17.0822013405966,16.8022930092899,16.8258124535981,16.5710772588995,17.049422313016
"AKAP13",13.2412526823391,14.5711194376375,14.1989409210112,13.8135865144395,12.7874256991831,12.3621888396318
"SF3A3",14.6599216858559,14.5297423275581,14.2620021774337,12.5840401219295,13.713940912347,14.0191285193526
"AIMP1",15.652270356809,15.5815517370196,15.5694087901182,15.2723487825053,15.1126392970875,15.2649776470253
"ACACA",16.8084660012693,16.6939592299597,16.9346664581648,17.3378612396284,17.0710218233106,16.958441926335
"CHAF1B",13.9424744604661,13.8521446025388,13.3066027410473,13.5137763181582,13.9228233455507,13.7960117161855
"AIMP2",15.9006732063686,15.7893761217853,15.9068645310584,15.3834398371384,15.6189890800734,15.3010899511182
"DDX10",16.1831842025307,16.0377976622115,16.0426586569803,15.9313433066475,15.7480545235228,15.4667752648711
"EIF3I",14.1328724044849,14.3820146699429,14.0551346330436,14.2385812586257,14.2538832269894,13.8266254461865
"SF3B2",10.0189058451078,15.4487564432028,12.2922623332107,15.0753140958678,15.9377843707306,15.1960842661994
"KRR1",14.6553881462477,14.3820146699429,14.0713735321765,14.0711412064951,12.7925112846742,12.6474957401943
"THOC5",14.7012559884114,14.8171216683311,14.9220952919049,14.1572055171568,14.9250739405627,14.9168345586673
"PKP1",13.2952743884787,13.2031029604095,15.590368541555,15.7083700449171,16.2487159010819,16.1623059573327
"BLMH",15.3827254709461,15.1434689950306,15.9720465325138,16.1636292366431,15.8523768635695,16.2940976627636
"EIF3A",14.8646786975767,12.7576755359346,12.0639927026887,14.30228548875,14.890481843047,14.5042420549127
"ELOA",15.539581868114,15.8715893248402,15.7481248546925,15.7999236631247,15.2945563875782,15.3892946890663
"PDIA5",14.8044263581516,14.5414845188359,14.0833454396844,12.7063523884667,13.9789035621378,13.1814638354278
"RRP1B",15.5779046713265,14.9467290784792,15.477437962202,15.5803661059944,15.4149241458762,15.2092863082601
"CHD4",14.8870897843657,14.5153014414111,14.3440231572838,12.8912723333315,15.0086170442969,12.9819767912227
"NUMA1",13.4624659747105,14.1068115467404,13.9243112952433,13.7504456153712,14.0620746471981,14.1333580224089
"KARS1",16.5187682433828,16.6940634629375,16.7648172424989,16.5281703605706,16.1770724100295,16.4272868148842
"PUM3",13.3252054319428,11.6714814463994,14.680890216346,15.4148184220401,14.7639737727038,15.0679787980817
"DLGAP5",14.8598700885997,14.5804815861087,14.6947444115386,14.4657621603477,14.8509288512624,14.9026694274175
"SF3A2",12.3166433765151,12.7261985073754,11.7143095787736,12.5712623002596,12.1531333487391,11.8492957766287
"CDSN",13.336794400638,13.8588167543573,13.8897766769643,13.8501374300964,14.1475746158839,13.7469837714476
"MED22",14.6118850613206,14.5711194376375,14.2246272140525,14.7652766699907,13.5294819521649,12.6615762667754
"TRIP13",14.7887107889007,15.0343086689661,14.3672483293419,15.0140722682762,14.9165002033628,14.8898018640087
"MED1",13.6647414825581,13.7274055578552,13.9292570214295,14.413214443512,13.9096872375945,14.2602263856041
"SMN1",17.3862961615359,17.1661415997965,16.94505272577,17.7912349528123,17.6904798445225,17.2096517377894
"IFI16",16.7102505748476,16.8556539785215,16.7496850206283,16.5168554283691,16.5073671128079,16.4874718723112
"RABL6",16.5568897882958,16.187994167766,16.1852022052053,16.2021911806853,16.2559891489049,16.3915446789699
"FLG2",14.5153264285679,14.8860945940902,14.5688361075355,14.493001034778,14.6897570290887,15.1097900167081
"HP1BP3",16.7210942475964,16.9373857751627,17.0042707297385,17.2116047796994,16.6034301747284,16.7779838001272
"GPATCH4",14.0086182259615,13.683199258103,13.427876270481,14.0692731728219,14.4254725490334,13.6317356962257
"KPRP",15.7081399401481,15.5206426188816,15.5544565306182,15.733273989737,16.1010394286637,16.1164036661313
"ATAD3B",14.541356991045,13.8230992974612,13.5218649095722,13.8934112268847,15.8201596867875,13.6266019189658
"THOC7",14.8647164639886,14.4581681098824,14.6354175464467,14.7437310596614,15.0512569562973,14.9085847671506
"NFRKB",14.8374683804097,14.33062954261,14.7240704035194,14.2420684758517,14.2048384154256,14.0493680247649
"RSBN1L",15.6165404299478,15.7841384248125,15.7250177384819,16.2010213652574,16.0571879339904,16.0284776410354
"INO80C",16.8666434867828,16.8785455685416,16.529997732075,16.5256161434715,16.6953120945902,16.4048535071549
"GIGYF2",14.5256015546922,15.0652747530602,14.5816528834907,14.8360937615316,14.5216317223127,14.5816537072258
"NCCRP1",12.9134551605658,11.2676792400775,14.2417280345914,15.345943765746,15.8489571215094,16.0553784057662
"SND1",16.4806512977831,15.8021897326061,15.3348692842805,15.6170455461671,13.647035223322,13.0155608796487
"EIF3M",16.0532786102665,15.9359141097173,15.6725125242627,15.9448042394313,15.3800490589272,15.5206524396181
"TAF8",15.7090723394595,15.4307997890476,15.1405048003418,15.3686619629934,15.9374443071079,15.4345807646388
"MTDH",19.3734017378987,19.4512387860323,19.6133963265749,19.3110288632042,19.5528114794819,19.2837126036404
"KTN1",17.3503155140484,17.5851523937596,17.4811482433655,17.3156908959784,17.184414162985,17.3130673386701
"N4BP2",13.6221931298242,13.3432370354556,12.4421468316647,13.7288603244658,13.7619359552236,13.9381414960482
"THOC6",16.1468749056942,15.9711531229709,16.1712456149413,16.1175574753519,16.3265758278535,16.4027108868299
"HRNR",17.3513814120527,17.5859144293119,17.1008809685876,18.0274482802699,18.38040965531,18.4522305405316
"ANKHD1",13.6248216096102,13.4513578213057,14.1965775889522,13.8773863303894,14.8312550591684,15.0056194180041
"ABCF1",18.3985632602864,18.0563998921262,18.3768260768709,18.3204627301789,18.1183228060101,18.1425393821079
"DDX55",13.3799200661283,11.1360845436656,14.0050615005732,14.2890382560596,14.262734767183,13.9398749401597
"THOC2",15.0733821082509,14.980805599029,15.1828068422029,15.4486922486478,15.2507773119836,15.3311597804034
"PIP4K2C",15.2468279813102,15.1834488300601,15.3472770542769,15.1288059309203,15.1113639267087,14.973120863618
"STT3B",15.5822509972422,15.0224712862727,15.2068539991068,16.1688472935732,15.3537539215251,15.3568195437675
"UBASH3B",10.8091914850142,11.0092094614124,15.091561005079,15.0915607984781,15.0060757593901,15.0861985924032
"POF1B",13.5502276166204,13.1458937271555,13.6546591857455,13.4656120694469,14.839909409958,14.1942839311557
"BBX",14.7869102633744,14.826154691409,14.5450357889621,14.7376868670232,14.5150802592176,14.9408965685908
"H1-10",16.5969916129936,17.1856631333276,17.1459789005426,16.8663050457899,16.148010868455,16.4666022684511
"AP3S1",16.4693065081071,16.3118828519627,15.9105942494808,16.3437567733205,16.2281020491373,16.2916266867015
"DHX38",13.7044973304304,13.4674487656464,13.822029619229,14.0511176647903,14.0738306911062,14.1333144294622
"DDX17",15.2061956682309,15.2524265032546,15.271645979449,15.3958612016391,15.3203963557672,15.1491574514014
"SMARCC1",16.7112451714787,17.1952798250517,16.9896781721149,17.5280296858699,16.6402114616481,16.8153845467625
"ARHGEF2",14.6593211432138,14.206161994373,13.8351001166846,14.2859222921495,14.0647767774677,14.426613197914
"RPL36AL",14.2149777768722,14.400999011218,14.076807248097,13.8482744980642,14.3449259783456,14.2248953164268
"CCDC47",14.7838607943979,14.7394140891502,15.4555225078175,14.9252842337648,15.7462756951489,14.9422850340684
"LRRC59",16.4359629368838,16.3745282391861,16.2881160973314,16.1433101844747,16.416601445746,16.0995744466332
"CUSTOS",14.794801569183,14.5650598205847,14.9160194784808,14.6138671441899,14.9643204240523,15.199036578609
"CCDC124",16.2868515551912,15.8248369036053,15.4871360333615,15.1545441766368,11.7696235089888,12.3312581918453
"AP2M1",15.1798086509379,15.0420338067499,14.7517288297964,15.5678120838435,15.7617972269182,15.900698321808
"THOC1",16.2134307299378,16.0724793319756,15.8985214900023,16.2606383269646,16.2688551983771,16.2140964528447
"LTV1",15.5209597028328,15.1876939922355,14.9116202934966,15.0304102281431,15.2049552641528,15.1529288720131
"DDX27",15.3813362046068,14.9047383328127,15.2870395661248,15.6414950295974,15.5599969027369,15.2791995052915
"PGAM5",15.2001376800129,15.3884799636549,15.0838985288927,15.5793983538948,15.9302298198654,15.3150554272973
"DIRAS2",15.4195163755623,15.7777684904163,15.0360468129797,15.2905261352585,15.1136008436979,14.8647715402484
"THOC3",12.9123916546986,12.2854698828619,15.3096771405078,14.7691422014975,15.0643533266765,15.1687281295859
"SERPINB12",15.5693871902994,15.7818363491756,15.4598058203618,15.3820560224574,16.1746899070851,16.164926169812
"RBM14",15.4504785649324,15.100262356147,14.9394051566889,14.5406275421816,15.2110755233137,14.9714889938281
"FAM111A",13.2795884415729,11.9178636794273,14.7686478629173,14.9730250938745,14.1052144865183,14.4813810020415
"GSDMA",14.162227977728,13.5343495771554,13.5923394163865,14.5418729443044,14.6035052267662,14.8618784259029
"SRPK1",14.4671282661353,13.9190186017992,14.0570082471155,14.3829186818041,14.5205438553835,14.5582393397007
"CDC5L",15.9580134164355,16.0382584314095,15.8022594682171,15.9078037316513,15.7374141476396,15.7210417639429
"WDR77",14.0908375959546,13.6478800877946,13.5911761236699,13.8727541301415,14.3862164266951,14.1411994220032
"LLPH",12.3256098830282,13.5076005952832,12.5622179735771,12.8871565535113,13.0133431038489,13.3971242933023
"MMTAG2",13.5886487057229,13.6863466636065,13.6505946083394,13.6505952814513,13.8646858544119,14.3702075766789
"GNL3",14.4179395206987,13.6445553892777,14.3797008253627,14.6269717896399,12.2739513716167,13.4074687758873
"POLDIP3",14.784600188564,15.4598999958225,14.4832068858867,14.075053398041,14.9990565456364,14.6822403502391
"NIFK",14.6054861736115,14.5111894851861,14.5057215687154,15.5471089254928,15.5996967006123,15.1212604770085
"DDX24",15.4247823738854,14.6595899658913,14.9492059284266,15.3722486754501,14.7377497055838,14.9846322925853
"POLR1E",15.791019970605,15.8993027028187,15.9098155199552,16.1524781606313,16.1551548172427,16.1904317942551
"NAT10",15.0858876804854,15.0616513331908,15.0461157699712,15.3020494601722,15.323261513514,15.4351394064533
"CCDC86",16.9801637265094,17.1658027366463,16.3101347032253,17.21627201722,17.5575893455785,17.1611124307928
"NRDE2",14.9932115587151,14.7715582806164,14.4988761259531,14.965023513318,14.1743779378607,14.7965979568235
"MED20",12.5698410685352,12.4511450983504,13.6999876129781,14.4164984962235,14.839909409958,14.3185553781541
"POLR1B",13.3793374793013,14.2741748191191,14.6481019978553,14.3447993761136,15.3429922464003,14.5784563114672
"MCCC2",15.9942323231842,15.5803660471036,16.1087318946158,16.3959136364387,16.0043771770525,15.7696245428349
"S100A14",12.6312582626918,12.3716228179507,13.9997407424415,14.1800897312774,14.3841031112071,13.9497825831631
"EXOSC4",16.5154369770313,16.1065570109888,16.194182416351,15.6699362985535,15.8355305103982,15.5133208555204
"EXOSC3",16.635977522549,16.1166775865035,15.9816241377367,15.8851448679124,16.1604218779302,16.2529213181362
"SDAD1",14.0993045429379,14.7714666177069,14.5384687484595,14.3577025753063,12.4161304174757,11.8325290442178
"NHP2",15.4083936335452,15.287889170994,15.0758983843503,15.14687021331,15.2282481120162,15.2605204445406
"CALML5",15.6568705248569,16.0158066003483,16.0845907549247,15.0158492765732,14.9062939046825,15.4864997570859
"RCC2",12.9778823117826,12.7437402278472,14.8455463071134,15.2191717731791,15.0996226459038,14.2647330892948
"PCDH10",12.4408576467627,13.8521446025388,13.2334301907673,13.4030349317708,13.4625905546349,12.5933271061695
"RRBP1",18.3408680390915,18.1159470842841,18.2466292751364,18.2628425521635,18.2225938962448,18.1852275203886
"LARS1",13.8757724811911,13.5934438604073,13.7316366011403,13.3212228335481,13.3634842827138,14.041146794427
"SRP68",15.0709632492223,15.7712050343157,14.846425833009,15.4718924912705,14.6147226677586,15.1865676570842
"DDX20",15.7665882518769,14.0693158392593,13.8518782380277,14.34763624663,15.243973151433,13.6265015368366
"RAB21",13.4127251689627,13.3576511040273,13.6383295659315,13.9450779951078,13.9216119654333,14.3051719811157
"INO80",14.5940947902441,14.7349821374402,14.8921272515242,14.6675966842656,14.9164645149401,14.8718780040312
"PRPF19",17.4984255645369,17.2292838283009,16.7753587336332,17.5067177597407,17.3264869824021,17.3761435381896
"RPL26L1",16.2822055756711,15.6088231004635,15.3444074003517,16.3640983956198,16.5061922699961,16.2255844077743
"AGTPBP1",13.569297642546,13.9313938656896,13.5167824387181,13.6332477375203,14.1421037857006,14.1132065898125
"RUVBL2",16.1531915900014,16.0166314866568,15.8745283457742,15.777302171193,15.9583935072426,15.8571133731673
"EIF3L",14.7495180863039,14.7192899852451,14.1571925669465,13.9725217384326,14.5384871558516,14.15725502695
"RUVBL1",15.0308802576633,14.8274659672154,15.0990243349333,14.6816740319984,14.9536440138848,14.7445795989495
"FARSA",16.1100808602022,15.9856844893361,14.8594630089659,14.4483435481255,15.1069044188825,14.7314248954975
"ASF1A",14.8374683804097,14.4301790148009,14.6558678231753,12.7433808123047,14.2048384154256,13.2319422191708
"DDX52",15.6314458588251,15.4458419720739,16.1384150864692,16.5638375294403,15.9547540743288,15.7143450752168
"NOP58",14.9212245924581,14.8251715203668,14.1488231527978,13.9949460394703,14.8541275167801,14.7342386990215
"NOP16",15.0738191038432,14.3765337417796,14.2367244486437,14.3099771316412,14.7867505139182,14.2653655452222
"MED31",11.9661268690718,15.5028448538853,11.9029920968976,15.2837906419726,16.0313173300236,15.4896937002018
"FAM32A",15.6150863259386,15.2421004160209,14.8633541202697,12.7829110762345,13.3763157126583,15.0720925240949
"HCFC2",14.5283660152796,14.0966699460418,13.9547380835529,14.0727270154526,14.5327466452845,14.266882195114
