"logFC","AveExpr","t","P.Value","adj.P.Val","B","Protein"
1.38396959074672,16.4273143993055,9.61347686359697,2.09688410152512e-05,0.0078213776986887,3.35412476731804,"TMPO"
2.85528487838036,18.462688492549,7.36487481138307,0.000128136872879638,0.0172576517500347,1.69962445186755,"HNRNPU"
2.1104977237098,16.5508794879349,7.27470205253143,0.000138801488606178,0.0172576517500347,1.62347162389512,"EEF1E1"
1.80732775898629,14.1683839069552,5.67395789983803,0.000648993905572266,0.0546049292385027,0.112486952943414,"RPL9"
-0.940637222053148,17.8163775476773,-5.43382986476839,0.000858995230385872,0.0546049292385027,-0.163456606630399,"HRNR"
0.69803875605162,17.9792388855053,5.37219240123655,0.00090822237368437,0.0546049292385027,-0.222128943625625,"RPL22"
0.841456996204609,18.495233792958,5.27502443932182,0.00102475738517297,0.0546049292385027,-0.340487387013254,"RPL23A"
0.505184523648719,19.7620161896708,5.01452800914526,0.00135629596830644,0.0632372995222876,-0.626914890641614,"RPS3A"
-0.881889625200166,14.9817438884378,-4.7560571486575,0.00184047784108705,0.0762775816361634,-0.935483248514513,"NIFK"
0.496386378340809,18.2608558855115,4.60619174455834,0.00220654685239572,0.0823041975943602,-1.11933076192571,"H1-4"
1.09176483101558,16.1757631254946,4.49534131465549,0.00256420352487057,0.0827804232111594,-1.26775777540817,"SNRPD3"
1.81354278664483,14.8517814923842,4.35731498474191,0.00304404789581406,0.0827804232111594,-1.44211951209605,"POLR1G"
0.799779060240645,17.0771387608781,4.33297638447965,0.00313845315863799,0.0827804232111594,-1.47318330348555,"RPL29"
0.554894031829246,16.7842525925999,4.23746875285375,0.00349671446261325,0.0827804232111594,-1.58709123112003,"UBB"
-2.94247228592895,14.2788569547094,-4.19682864124475,0.00372925904646216,0.0827804232111594,-1.64869853258593,"NCCRP1"
0.566883295044398,16.5014958873219,4.17914374602599,0.00376784828673824,0.0827804232111594,-1.66307548177349,"RPS26"
-0.752245448361847,15.3673131533423,-4.18124799008505,0.00377283430184909,0.0827804232111594,-1.66315007859081,"AP2M1"
0.65121186241619,17.0481963826292,4.11336827856675,0.00415085094973519,0.0860148557917348,-1.75774651001925,"RPS11"
-0.637562835555388,15.8244233559625,-3.89015678054102,0.00550249227753036,0.103080261375928,-2.04817869841,"PSMA3"
0.858570228386574,15.5989501532174,3.84269525366044,0.00591706089481506,0.103080261375928,-2.11884149233746,"ATP5F1C"
0.702959761151455,19.3602977403005,3.81433862260745,0.00614484471039776,0.103080261375928,-2.15731290624651,"H1-3"
0.61187038369588,16.6414420112246,3.76666811285984,0.00654946411228917,0.103080261375928,-2.22225396230339,"RPS25"
-1.61799650149065,13.7159895106999,-3.74040202263833,0.00678465334385777,0.103080261375928,-2.25817732941961,"MED20"
0.555003229417316,19.380940500736,3.74006373601144,0.00678774134050957,0.103080261375928,-2.25864064397712,"H1-5"
0.782874980596105,15.5276518030786,3.72645666269685,0.00691322002594871,0.103080261375928,-2.27729041695753,"CALML5"
0.559600584612909,16.6142382917907,3.6929447098429,0.00718521929161966,0.103080261375928,-2.31898914091152,"H4C1"
0.599129579966302,15.9724940114739,3.59846813475874,0.00817214078154836,0.111494993609151,-2.44992087603668,"EXOSC4"
-2.68790057346541,14.0666568134366,-3.58562481996153,0.00836959737548584,0.111494993609151,-2.47184731092491,"PIP"
0.617441338463713,16.4922609613245,3.45957320193975,0.00995558094105188,0.128049368655598,-2.64826392538249,"RPL35"
-0.62098264290163,14.9987221944135,-3.39479978052991,0.0108025672467788,0.13431191943495,-2.73452371653447,"KPNA2"
2.78113287156239,14.4757083949381,3.37506471806655,0.0111978415434722,0.134735319216617,-2.76767153078249,"CCDC124"
0.405416249389408,17.6440582009055,3.32546093112226,0.0119072114017429,0.136437772169612,-2.83326023042871,"EIF2S2"
-2.13686053669887,14.7422248447657,-3.32147342228749,0.0120709020954348,0.136437772169612,-2.84383914790684,"CTSD"
-2.01021533762952,15.0346896322958,-3.2993950351243,0.0124514925075479,0.136600197215158,-2.87531490340927,"PKP1"
2.23136794724564,14.4689014686919,3.26227447371476,0.0131205456299489,0.138094004454835,-2.92835820962218,"SLC25A3"
1.38907422748613,14.2338955949857,3.25116757762966,0.0133281076685632,0.138094004454835,-2.94425869427679,"ETFA"
0.348624139693626,19.4826070605157,3.19939561874502,0.0142363175878177,0.142497659780215,-3.01415245120133,"PARP1"
3.06323397757136,15.2929469635267,3.19089275334627,0.0145171878596465,0.142497659780215,-3.03077466109246,"HNRNPF"
0.367880556047549,18.3524654563641,2.99872719307021,0.0189973557143993,0.174066444723384,-3.30528893566441,"RPL26"
0.393296693840256,16.4045156792799,2.99745305627482,0.0190324787114594,0.174066444723384,-3.3071482774188,"RPL21"
-0.906113208567852,14.2160289280406,-2.99318991103665,0.019150495560569,0.174066444723384,-3.31337034130884,"GSDMA"
-0.726716107589221,14.9751259142837,-2.92536915175494,0.0212665101256869,0.174066444723384,-3.41588545785183,"ACTL6A"
0.492698967823749,18.4318792034578,2.90642352429904,0.0218606095050459,0.174066444723384,-3.44357073953298,"H2AC4"
1.24778459049489,14.0172794442145,2.89886233235647,0.0221025601359574,0.174066444723384,-3.45462615161149,"ASF1A"
0.431131663627401,15.650072121257,2.89243845496189,0.0221759146528028,0.174066444723384,-3.46078129745546,"AIMP2"
-2.47788319834461,13.36793493226,-2.89310671103303,0.0222886186467507,0.174066444723384,-3.46304390665138,"EIF6"
0.504918257737753,16.3816626451363,2.89102435724939,0.0223563381179298,0.174066444723384,-3.46608989231516,"MCM3"
-0.386996782347023,15.9020639222542,-2.88556057574698,0.0223999714389342,0.174066444723384,-3.47086771555863,"RSBN1L"
-0.680232532073436,15.5145748284942,-2.84865732485935,0.0237820442402683,0.17858086376608,-3.52811611773565,"JUP"
0.660663099498079,15.5585500278125,2.84417229712434,0.0239384535879463,0.17858086376608,-3.53468795536689,"EEF1D"
0.292472956200111,17.647606824033,2.81879126655046,0.0247024604504528,0.180667014667037,-3.5689158126303,"ANPEP"
0.571031184011593,15.1282190890201,2.79072653603714,0.0258873827189845,0.185469550045304,-3.61307542532102,"QARS1"
1.18751217687988,13.882662683784,2.77856527638757,0.026353582178019,0.185469550045304,-3.63092945349925,"PDIA5"
-1.60523598860532,14.1045664555857,-2.76034214663423,0.0270686307506465,0.186974060555392,-3.65769360001444,"CCT4"
1.77935622184395,14.9828919939679,2.74597125480333,0.0276467792619239,0.187495430267229,-3.67880832998361,"SND1"
0.384421719109579,15.4088661017608,2.71550164959819,0.0287634947206009,0.188214118826363,-3.72096585687404,"AIMP1"
0.472804160013638,15.6949686258869,2.70778845735749,0.0291432039310361,0.188214118826363,-3.73318473017375,"RPL17"
-1.49222016121453,14.506231702691,-2.70731776678156,0.0292665385842602,0.188214118826363,-3.73563240196846,"LGALS7"
1.37292990623328,13.7773590874092,2.6811743848373,0.0304177671698305,0.191912866170728,-3.77408710289105,"NDUFB4"
-2.47761261744775,14.3627942486755,-2.67116917823287,0.030870702333093,0.191912866170728,-3.78880758540787,"MED31"
1.54632491062782,13.993976178489,2.62698212825256,0.0329562707513306,0.195371719575018,-3.85383659572226,"PPIB"
-0.349067767790729,16.2408188745549,-2.61332939223467,0.0334672464397282,0.195371719575018,-3.87162977053584,"SLC25A6"
-1.8563979660458,14.1540580145856,-2.61428981307036,0.033581913653013,0.195371719575018,-3.87251903017298,"PUM3"
1.49640718308051,14.4919766958695,2.60770440227671,0.0339113556060936,0.195371719575018,-3.88221272138287,"FAM32A"
1.19920937233448,13.7699874299551,2.59436352047731,0.0345890230232483,0.195371719575018,-3.90185073829648,"KRR1"
0.339931710166301,18.0454763640228,2.58626315533466,0.0348958812150123,0.195371719575018,-3.91228036193931,"H2BC12"
0.447548370800174,16.1095123000583,2.58460472574902,0.0350935796555662,0.195371719575018,-3.91621585891459,"SON"
0.627761388540598,17.187516691222,2.56505011004093,0.0361275914721988,0.196033125128559,-3.94499964055082,"RPS14"
-2.75795773292199,13.6822995169628,-2.56252288421878,0.0362635003589024,0.196033125128559,-3.94871947319842,"UBASH3B"
0.621021456432237,15.6612744225136,2.54459294517285,0.0372429846218144,0.198451903770525,-3.97510893944081,"RPS7"
-0.620146332301276,16.0552185249794,-2.52471891437875,0.0383605498073116,0.201527958846862,-4.00435506580677,"RPL26L1"
0.88951849866624,15.206983536835,2.50346041200287,0.0395941854074226,0.20447160732705,-4.03563095182964,"FARSA"
-0.603954254828592,15.8013907935778,-2.49632659275394,0.04001723146079,0.20447160732705,-4.04612417931908,"BLMH"
-0.42667303427776,15.7035979924396,-2.46537409783422,0.0417873784994044,0.210385507682922,-4.09038566411597,"AP3D1"
0.59625594369566,15.9729914256953,2.45543468447172,0.0425332162181483,0.210385507682922,-4.10624562910459,"ACTC1"
1.60095929070152,13.6692669910174,2.44636409784708,0.0431129215978455,0.210385507682922,-4.11957431083034,"SDAD1"
-0.299308859583418,16.016367160918,-2.43841285341984,0.043447343093907,0.210385507682922,-4.12947470583064,"POLR1E"
0.307861523967699,17.1651440397782,2.4300487409308,0.0439948246629168,0.210385507682922,-4.1417834280192,"EPRS1"
0.440454135857582,16.645255916596,2.41560385077809,0.0451396388917555,0.211181912771804,-4.16475022204326,"PRDX1"
-1.17045120085454,13.5860995414552,-2.41332344469994,0.0452937078330947,0.211181912771804,-4.16809768232635,"S100A14"
-0.389159331628026,15.7889926956966,-2.40031090651959,0.045998972999577,0.211822431220274,-4.1855197631331,"KPRP"
1.0448522124062,13.9614626240795,2.38865380759894,0.0469951058422009,0.213770420477328,-4.20429445237413,"SF3A3"
0.293318271155503,17.070597112784,2.35370253551033,0.0493288196478494,0.221075187507608,-4.25397145332535,"DEK"
-0.826007576329795,14.3473012129424,-2.3433937671129,0.0502875826551916,0.221075187507608,-4.27061380033577,"CAVIN2"
0.722022954762513,14.4855027915501,2.33586262646422,0.0508577508207161,0.221075187507608,-4.28163646562976,"PPP1CC"
1.26589526685432,13.7189248173078,2.33436700692985,0.0509717590500116,0.221075187507608,-4.28382500432883,"LMNB1"
-2.81641937042552,13.9948512257198,-2.31353381866128,0.0525870234722788,0.225459307530574,-4.31429337138517,"SF3B2"
0.37248914222703,15.901635602794,2.29528395709227,0.0539134730305005,0.228519607277008,-4.34001638149562,"DDX10"
-0.473772406394035,14.9195215640119,-2.28680740788786,0.0546037165448831,0.22884478956451,-4.35240589189154,"ANKRD17"
0.267965053503076,16.6378806645809,2.27718438881574,0.055334200877698,0.229329521415348,-4.36602292135375,"IFI16"
-1.34353435615479,14.1405166500921,-2.26470382463461,0.056578795147189,0.2296013479048,-4.38557124159942,"PSME3"
-0.376352020567012,16.3348203812958,-2.26408974357417,0.0566308954617738,0.2296013479048,-4.3864663014916,"DSP"
-1.33878622054483,14.1917827258535,-2.23568141972729,0.05909468767312,0.234980091395794,-4.42783371664683,"RCC2"
0.438396475938184,15.3734170794887,2.22233983908823,0.0602886915631232,0.234980091395794,-4.44723342051877,"FBL"
0.394040496608945,16.084911378112,2.20933739384325,0.06147564351218,0.234980091395794,-4.4661217629576,"HNRNPK"
1.43319440640813,13.8767760827277,2.20873589304384,0.061531116318087,0.234980091395794,-4.46699510077261,"TOX"
0.491098760448416,17.1604087562478,2.20862690751661,0.0615411727675319,0.234980091395794,-4.46715333596605,"RPL37A"
0.30993223529433,17.7220668174237,2.20650392059697,0.0617373966669914,0.234980091395794,-4.4702354193204,"RPL28"
-0.485586082675134,15.4100131249709,-2.19181235743593,0.0631126002313812,0.237787877639446,-4.49155015150148,"EIF4A3"
0.576039456163834,16.6791161313777,2.15255062849645,0.0669399116693254,0.248197877509174,-4.54838464588152,"RPS23"
0.311791417562176,20.7019023671498,2.1499010029896,0.0672063957866664,0.248197877509174,-4.55221316212819,"EIF2S3"
0.402933268839121,17.4487868355085,2.13253422994829,0.068979408397755,0.251413864798858,-4.57728364700227,"RPL19"
-0.310077766626765,16.967402779778,-2.1268832921172,0.0694252763385586,0.251413864798858,-4.58476272892612,"ACACA"
0.824217416771269,13.826632620528,2.0992656465519,0.0723643180235089,0.259441367213625,-4.6245626100302,"DAD1"
-0.656183676535001,17.8875543978749,-2.09041328776553,0.0734752013795335,0.259441367213625,-4.63791190758616,"H1-2"
1.51063584655082,13.8175634717675,2.0863149428965,0.0739278613571797,0.259441367213625,-4.6437968680495,"XRCC6"
-1.68472639057999,14.1088831778681,-2.08184961250392,0.0744241991738817,0.259441367213625,-4.65020581992976,"PDHX"
-0.397958682673927,17.3648095037044,-2.07198094782285,0.075532867409413,0.259989176596796,-4.66435883516552,"SMN1"
-0.492957542403445,17.0651791599954,-2.06808184918254,0.0759753894076429,0.259989176596796,-4.66994637160813,"CCDC86"
-0.513209284673035,15.07399973395,-2.04674455855713,0.0784427743960973,0.264438322450193,-4.7004790073914,"TUFM"
-1.49822832656388,14.2516270559714,-2.04420788226023,0.078741317894655,0.264438322450193,-4.70410376536286,"THOC3"
0.482571821389246,16.7349253049266,2.03862442123199,0.079402391727672,0.264438322450193,-4.71207828686642,"H1-10"
-0.288931865497362,15.2090175272978,-2.03068906685326,0.0801349031016826,0.264516096079005,-4.72261111599186,"NAT10"
-0.813834595897914,14.1645029712383,-2.01680150652604,0.0820390275951704,0.264911074798011,-4.74319389015082,"ANKHD1"
0.774797402915397,15.5814493290469,2.01446904883968,0.0823258776620159,0.264911074798011,-4.74651447926206,"RPL11"
-0.645328413583522,16.143385040296,-2.01398756874158,0.0823852136101053,0.264911074798011,-4.74719981101176,"GAPDH"
-1.56762989435232,14.4649058921228,-2.00597399207046,0.0833789696187551,0.265815005707655,-4.7585999163629,"TFRC"
-1.90635464689665,13.9288752195914,-1.99943436120139,0.0841986552581422,0.266153376366839,-4.7678942791598,"MED14"
1.62898914391259,13.9911573101734,1.99173867297344,0.085173369965889,0.266971991573753,-4.77882125173508,"RAB11A"
0.203340575847442,18.5054074109947,1.97176159209652,0.087535252298732,0.272088742561892,-4.80645552646465,"SRP72"
0.288824636930631,18.0644392496599,1.96426306715526,0.0887443440742923,0.273567275534802,-4.81773867478525,"RPS13"
-0.283967380516977,15.7151962976318,-1.94682085246933,0.0908650840289782,0.27780882248204,-4.84173402392245,"CLTC"
1.01603732924449,13.4957523490403,1.94071414895785,0.0919210488956553,0.278331966868082,-4.85097150857005,"AKAP13"
-0.378664000392959,14.9343367864754,-1.93297490325303,0.0927904163735716,0.278331966868082,-4.86132683519716,"RPS9"
0.314248766462466,15.8909454862228,1.92453066706316,0.0940178943953258,0.278331966868082,-4.87334349739735,"IQGAP1"
-0.384055809498962,15.4161999622697,-1.92480264249048,0.0941299180747188,0.278331966868082,-4.87335914241444,"PGAM5"
-1.33688748350319,13.8972260538183,-1.91250456177389,0.0958724364914169,0.278331966868082,-4.89062429180363,"EIF3A"
-0.354544192959182,15.9504182554133,-1.90673673115061,0.096700430875601,0.278331966868082,-4.89870991031799,"PRMT5"
0.281706454444929,16.5183630890506,1.90339289738057,0.0969596517985067,0.278331966868082,-4.90284037170119,"KARS1"
-0.436831483311336,15.159353503528,-1.90462174897353,0.0970057793374012,0.278331966868082,-4.90167288326154,"TPI1"
-0.587718700911754,13.7634279634297,-1.87237111698655,0.101553821567323,0.288831053164381,-4.94622302245312,"RAB21"
0.308492285196497,18.0474542271434,1.86848109125831,0.102370104200551,0.288831053164381,-4.95214109858661,"RPS4X"
0.418817796915627,15.6847817909723,1.86443623801123,0.102988016275771,0.288831053164381,-4.95776983019827,"RPL13A"
-1.32352728434507,13.5021190122949,-1.85287078115286,0.104774717061909,0.291649025851435,-4.9738415347177,"DDX55"
0.465297803498943,14.3980738737636,1.80226220358069,0.112721595384795,0.311445593174287,-5.04337002511764,"NFRKB"
-0.294121058757337,15.0314437707001,-1.79048823735227,0.114708882884845,0.314605980265052,-5.05955431918908,"AP2A1"
0.388240324788544,15.8207889003943,1.76350699114894,0.119618551411021,0.325676785958474,-5.0968249800979,"TUBB"
-0.331898295950438,16.1827561652006,-1.75486788710601,0.121155427597839,0.327470829666622,-5.10859433905032,"RPS15A"
-0.264544930517369,15.2112706484196,-1.74796178304922,0.122168228905823,0.327832729365987,-5.11767540641824,"THOC2"
-0.216512287687291,17.162587623153,-1.74300152219703,0.123067669957383,0.327887434957885,-5.12441931213753,"PC"
0.56574601717443,14.4656491012496,1.73872698709246,0.124077188594963,0.328232562737029,-5.13052336010766,"RBM34"
-1.19784019950556,13.9209534277253,-1.71352201034062,0.128773403700609,0.33474654080946,-5.16460543270979,"FAM111A"
0.582730515719328,13.627961473194,1.7107719999651,0.129066073145353,0.33474654080946,-5.16805066990953,"RPS16"
0.201147917846651,17.3716314248012,1.70990118679874,0.129231908516253,0.33474654080946,-5.16922495105451,"KTN1"
-0.673786926264331,13.4727524621137,-1.6973471557903,0.131720005473425,0.337773939832283,-5.18620595799889,"N4BP2"
-0.567663835137541,15.4723187922685,-1.69561191653905,0.132211783419607,0.337773939832283,-5.18869999424035,"EIF5B"
-1.06160358689163,13.2660909394853,-1.68246162695601,0.134791140401137,0.342021056936219,-5.20632395796701,"EIF4G1"
-0.716341627013097,13.8084309900137,-1.66699063026451,0.137886102876152,0.347510245762194,-5.22698351885947,"POF1B"
0.24927060298781,18.7667738388976,1.66237391963544,0.138822481897391,0.347522051998167,-5.2331326635071,"EIF2S1"
-0.386355939015296,15.2328458163213,-1.63818653125538,0.143826065361561,0.357647482532416,-5.2652265935249,"ARG1"
0.95484940473647,14.1047134253186,1.61853208692789,0.148015041596602,0.365626559705512,-5.29115125802884,"CHD4"
-0.30105147545394,15.584309794483,-1.59849223973272,0.152402433370708,0.373987550311014,-5.31743712734449,"POLR1A"
0.300619326569008,15.3003996409923,1.58866329822204,0.154443585514777,0.375449190786304,-5.33019474604875,"KPNA3"
0.423925779226039,14.7864295059616,1.58682787023186,0.155011194051182,0.375449190786304,-5.33266695276192,"HSPB1"
0.266627212021795,15.1059840125575,1.57526650315063,0.157408681657964,0.376875364674134,-5.34760653159246,"RFC2"
-0.302525778027182,15.3423009235283,-1.57483789978131,0.157620795949504,0.376875364674134,-5.34821520778417,"DDX27"
-0.654877879235123,14.4279770383761,-1.55599141299616,0.162107160865907,0.385133573267409,-5.37267343932739,"POLR1B"
0.445125116466464,14.988828190784,1.53799750425425,0.166384261876731,0.392618463706797,-5.39584201220154,"NOP56"
-0.317872906223702,16.2250150345765,-1.53394011252711,0.167362830373675,0.392618463706797,-5.40104783890979,"NPM1"
0.817098941359852,14.0606611003236,1.52512675314524,0.169506559037204,0.395162165755481,-5.41233216786349,"MED22"
-0.34685801379884,14.794199603127,-1.49054186049811,0.178048835259863,0.410540836571157,-5.4562815847047,"HDLBP"
0.281974975510405,18.4543567578669,1.48996842730838,0.17830901307734,0.410540836571157,-5.45701876254219,"RPS24"
-0.314919215531329,16.2674920425795,-1.48524232465386,0.179523313323739,0.410540836571157,-5.46298472367984,"ANXA2"
0.29877102831256,15.1288500575669,1.48143917694716,0.180505890610375,0.410540836571157,-5.46777841702255,"HSPD1"
-0.28636198151248,15.3924751828138,-1.46760406451123,0.184121346292474,0.416225831315715,-5.48516239465555,"S100A9"
-0.372139397562337,14.4782815368406,-1.45344435312816,0.187665006244859,0.421681008008027,-5.50286892627855,"GTF2F1"
-1.64162167835732,14.3233785633867,-1.42985364612524,0.194319490445125,0.434018981652883,-5.53215068581726,"APRT"
-0.324352198242444,15.0072330124468,-1.41949698865394,0.197204105128481,0.437840066743592,-5.5449247708937,"DDX3X"
-0.421429023350958,13.8753730834441,-1.4092089031809,0.199886096135294,0.43864024000331,-5.55759959848853,"DHX38"
-0.453324190021178,13.2753822606957,-1.40910201722986,0.199916463272286,0.43864024000331,-5.55773070626307,"SMARCA2"
0.216468347394276,16.6501614221027,1.40424333388073,0.201373183172629,0.438850667113193,-5.56367160107576,"INO80C"
0.321477719917819,15.2503716996939,1.40129757055575,0.202365455076325,0.438850667113193,-5.56724695440551,"DIRAS2"
-0.18638614209021,16.154670255017,-1.38734629417572,0.206183071918265,0.444545004771751,-5.58429935865239,"THOC1"
0.272066502089963,15.7512018303705,1.38126980882093,0.208183201955968,0.444606108418253,-5.59162346126688,"EIF3M"
-0.28561740929392,15.0730595309158,-1.37986975176369,0.208595359177465,0.444606108418253,-5.59332003038827,"ENO1"
-0.420574668289282,13.9840886880922,-1.37158437222251,0.21083079590062,0.445810903586603,-5.60340032792135,"MED1"
-0.41246137366239,15.4603708242891,-1.36990038854534,0.211551018592034,0.445810903586603,-5.60537211328886,"PSIP1"
0.439149984806669,15.0151817694777,1.35862158109987,0.214939182418182,0.450406264280797,-5.6189460918051,"HSP90AB1"
0.582906078986023,13.8815016371865,1.33963725716374,0.220749406235361,0.458330156524034,-5.64164484343441,"STAT1"
-0.185856848809625,16.1893529722736,-1.33395562377951,0.22229947384128,0.458330156524034,-5.64848320763572,"THOC6"
0.534059495681287,13.687594254284,1.33383635081233,0.222406858795845,0.458330156524034,-5.64859822187392,"TCP1"
-0.355948158748012,15.4484995069146,-1.31634330453939,0.228065144087011,0.467408234859643,-5.66923619713002,"STT3B"
-0.22086630176655,15.7349276957581,-1.30213198455421,0.232487724302729,0.470818985055139,-5.68599145696821,"PIP4K2B"
-0.4166648771795,14.3850217207746,-1.29954903737908,0.233362598334297,0.470818985055139,-5.68899667093724,"AP3B1"
0.362639620188222,15.3140595753729,1.29790978409055,0.234002345948019,0.470818985055139,-5.69086253785964,"CSK"
-0.46494071073147,15.2747334219258,-1.29553032541881,0.234778367882723,0.470818985055139,-5.69364053236555,"FLG"
-0.197502264615508,15.7253281334458,-1.2719280240176,0.242387154354529,0.4821686745761,-5.7211362562207,"RFC4"
0.188087714800096,15.1651407644824,1.27003675068015,0.243023353405648,0.4821686745761,-5.72331778205374,"PIP4K2C"
0.280689840772432,15.470418299195,1.26425318393246,0.245186118408102,0.48286392277915,-5.7298616208666,"RPL37"
0.20447938651232,15.7390368903347,1.26135273940068,0.245962856107342,0.48286392277915,-5.73330823338012,"DDX5"
-0.303547579839272,15.7554502431985,-1.25159770048636,0.249507963080825,0.48409831732062,-5.74435932027422,"SERPINB12"
-0.339515587279426,14.3174761653231,-1.24899035541392,0.250199635946673,0.48409831732062,-5.7474553564297,"SRPK1"
-0.339077920539186,15.9081065993924,-1.24876199399564,0.250485188318712,0.48409831732062,-5.74759510242196,"DDX52"
-0.248423554263889,14.7769791505711,-1.23992752522415,0.253344795082757,0.485283247565211,-5.75776995083726,"THOC7"
-0.18997075929521,15.6925248647105,-1.23739854074712,0.254228399376351,0.485283247565211,-5.7606396207042,"CALM1"
0.269549467961481,14.9225589825294,1.2340262740489,0.255615732250648,0.485283247565211,-5.76433411128289,"ATP5PO"
-0.235426717953807,17.2854027344672,-1.23207304972992,0.25630241225294,0.485283247565211,-5.76654327753202,"PRPF19"
0.380314694266382,13.5295035717689,1.22332313673098,0.259193888382949,0.488279395792121,-5.77654182973704,"XPA"
0.225173769292509,15.6071784645693,1.20461321565025,0.26612191775818,0.496519834412041,-5.79735997603404,"ELOA"
0.182677727027343,15.5741966898541,1.20082739248302,0.267299047593099,0.496519834412041,-5.80170993894186,"RARS1"
-0.170927949844756,19.1515333886247,-1.20065886598206,0.267561626586649,0.496519834412041,-5.801760188522,"ACTB"
-0.217267784080239,14.9879246509314,-1.18121873154746,0.274535666264508,0.504811668522346,-5.82339512110902,"TGM5"
-0.196716172309216,16.4040353766578,-1.18121242491795,0.274736645335218,0.504811668522346,-5.82325937991853,"TGM3"
0.164073176194284,15.9758249677868,1.17182490634342,0.278059685441052,0.505192010411159,-5.83369886220137,"HSPA5"
0.266416290930454,19.3412955355021,1.16993389175365,0.278970758746877,0.505192010411159,-5.83562071644841,"RPL31"
-0.339699615075473,14.8118509030598,-1.16702750370866,0.280070564782825,0.505192010411159,-5.83879317376615,"HNRNPA1L3"
0.711267932731733,13.7917646120805,1.16311204252633,0.281557874763712,0.505192010411159,-5.84305863473187,"GNL3"
-0.199295915462859,15.0943112455202,-1.16218282050796,0.281715651918287,0.505192010411159,-5.84421701007055,"YWHAZ"
0.295106757636809,16.0648084083549,1.14458826258793,0.288682715727978,0.513653217349969,-5.86310572212372,"RPS3"
-1.51764413644523,13.7905543358904,-1.14328853757586,0.289188138454406,0.513653217349969,-5.86450405350108,"JCHAIN"
-0.19847389224844,16.9071164138728,-1.1372167179404,0.291558888270093,0.515409788268932,-5.87102202747698,"ARPC4"
-0.186215222257001,16.8908987009653,-1.11867798416468,0.298895705049831,0.525887254639561,-5.89077399251041,"RPL13"
0.255651339481634,15.035556356182,1.10252637520207,0.305409342722041,0.53470314848583,-5.90779730799674,"RBM14"
-0.356758723806903,13.9550106310432,-1.09872067162077,0.306773388139323,0.53470314848583,-5.91194265890488,"WDR77"
0.192490971659732,14.8895447007741,1.08987587549513,0.31040465130057,0.538515976442384,-5.92116918743434,"RUVBL1"
-0.191165777492156,15.6554569012319,-1.08418402137298,0.312820014768805,0.540193821799835,-5.9270258433974,"HADHA"
-0.347606424654852,16.1352108446961,-1.074340349472,0.317049809209604,0.542640504724071,-5.93708319239034,"GSTP1"
0.319245572420439,14.3823774266216,1.07367213226044,0.317146461206026,0.542640504724071,-5.93793375494266,"EIF3L"
0.150514123609854,15.9395267456725,1.06841181810356,0.319360034973181,0.543932844954323,-5.94333725226998,"RUVBL2"
0.258100477753812,14.6850176897682,1.04937688693295,0.327531362357823,0.548818242791498,-5.96267529784311,"DHX15"
0.169200801009037,16.1888449866705,1.04940808544175,0.327548865812084,0.548818242791498,-5.96261531979527,"IARS1"
0.146373732182436,16.2930155583759,1.04840965608321,0.327889267165525,0.548818242791498,-5.96370772392547,"LRRC59"
0.152312106577979,15.533032493864,1.04788855249068,0.32811385560993,0.548818242791498,-5.96423466679587,"RPL7"
-0.293479391793865,16.0295086138773,-1.04081654757503,0.33135226387265,0.551760689395082,-5.97120115932579,"DLAT"
-0.199114275993788,14.8437281920477,-1.03246334140874,0.334816907750308,0.55233604136395,-5.97974543929652,"AZGP1"
0.49406039323371,15.5513639494666,1.0311933055513,0.335550501937763,0.55233604136395,-5.98084863186546,"FABP5"
0.466569280301336,15.2025263591683,1.02984924843425,0.336140164583423,0.55233604136395,-5.98219081142181,"HSP90AA1"
1.34663399614224,13.8930094807187,1.02014663200313,0.340420954476489,0.554822320991984,-5.99184138902348,"TTC34"
0.144090557609442,15.860798493216,1.01928485806833,0.340628180984355,0.554822320991984,-5.99286214024506,"CDC5L"
-0.259943184372794,15.3125968821103,-0.998607126486426,0.350075778217239,0.567731588152305,-6.01302151181417,"RPS29"
0.153203419020386,18.5588928580677,0.974824415331567,0.360980054603769,0.582881213710847,-6.03601079173599,"RPS8"
-0.210035516146309,14.8351070204761,-0.96557287367591,0.365179356564239,0.585177847841223,-6.04495224824373,"TRIP13"
-0.319966244957742,13.8018464483685,-0.961626947074143,0.366976540023352,0.585177847841223,-6.04875263520198,"MMTAG2"
-0.205687797577504,16.8917776206323,-0.959301129538389,0.368236131906746,0.585177847841223,-6.05078792345482,"LYZ"
-0.205513516451779,15.3794368431747,-0.957201340093871,0.369226074719194,0.585177847841223,-6.05277278417183,"VARS1"
0.24756893309984,14.965348317238,0.954010673644706,0.370734161843728,0.585177847841223,-6.05578239346811,"S100A8"
0.323785592118844,14.7473428940316,0.95172909090955,0.371815415384369,0.585177847841223,-6.05792974702654,"POLDIP3"
-0.335595887845157,13.8743625287711,-0.939879683549556,0.377307479387905,0.591326427780204,-6.06918417929846,"GPATCH4"
-0.262568910514535,16.1211811525447,-0.909064101494257,0.392473214818653,0.612520958691873,-6.09734454123246,"CASP14"
0.312833332856483,15.3385142841981,0.89985062407298,0.39704377734122,0.614951114878843,-6.1056690762365,"HNRNPM"
-0.137322219140358,15.2752324636407,-0.898971093583525,0.397327664037,0.614951114878843,-6.10662350337777,"RPL3"
-0.290361388693242,13.8176720099979,-0.878402767410205,0.407683621936875,0.625816603050214,-6.1249466070032,"AGTPBP1"
0.132175987130259,15.746481174002,0.876405411132734,0.408699617120465,0.625816603050214,-6.12670779727777,"RPL8"
-0.212694849535522,14.5818794291117,-0.875067158919847,0.409381370359926,0.625816603050214,-6.12788600887115,"MYH10"
0.197623204794795,15.7843197005927,0.847698669742353,0.423649246384207,0.642808877565071,-6.15150387276383,"EIF4A1"
0.177755761526862,15.3553248488027,0.84713492702094,0.423943656517446,0.642808877565071,-6.15198721328288,"TUBA1B"
0.133509193811584,19.0681043960124,0.843031085287108,0.426091242735261,0.643449528503046,-6.15549784095087,"SRP9"
-0.227997983242453,15.084433558056,-0.830686651538121,0.432597704961925,0.650640903027411,-6.1659736396537,"CANX"
0.178141961070908,15.70979329515,0.81378721819996,0.441617980650266,0.661540187881724,-6.18010831601331,"ANXA1"
0.12655629070021,14.9490523472197,0.795293144532637,0.451503273596321,0.673642884205711,-6.19544917095063,"NPM3"
0.0968279680598059,19.4309316328054,0.790157265644879,0.45435846910617,0.674169368602137,-6.19956701725248,"MTDH"
-0.484617211519865,14.2044156717861,-0.788295152467892,0.4554709943371,0.674169368602137,-6.20097244634229,"ATAD3B"
-0.167114426200889,14.8421841691833,-0.769972658242534,0.465522053465959,0.686323027441907,-6.2157214883503,"CUSTOS"
0.110030615002097,15.9565694200215,0.755965628074472,0.473335425497811,0.695094935868832,-6.22676993468453,"C11orf98"
-0.162195030474162,15.9755409368716,-0.748459934090968,0.477707960383245,0.698764977344904,-6.23245416780015,"MCCC2"
-0.30073183292464,12.9488420670918,-0.731129352313494,0.48755431998138,0.70645084934999,-6.24577192658272,"LLPH"
0.111495857837602,15.5038323032903,0.729717616621717,0.488294023561885,0.70645084934999,-6.24692059188403,"RPL23"
0.17047428506992,15.8945428531416,0.729322865365049,0.488644287217955,0.70645084934999,-6.24708291293757,"MYL12B"
0.122074787646532,15.2495990949186,0.722548251793651,0.492433268438134,0.707318613253246,-6.25231806466256,"EIF3B"
-0.0993236681042937,16.5389293324074,-0.72150567593747,0.493037103071967,0.707318613253246,-6.25309913921211,"TGM1"
0.257629381187151,16.3243357783629,0.714508450242895,0.49722232939226,0.710558357243772,-6.25818323333015,"PTMA"
0.145263727603449,16.172127885128,0.710230462236192,0.499717517096753,0.710558357243772,-6.26135202217083,"EXOSC3"
-0.211682523872174,15.0987737257246,-0.708019394570346,0.501010316233544,0.710558357243772,-6.26298333362919,"CCDC47"
0.096692563240115,15.9263553412777,0.701478393493179,0.504729756938621,0.713121967189794,-6.2679132509597,"HADHB"
-0.102990730412227,17.6221322820984,-0.697692709296357,0.507076779043545,0.713734485219782,-6.27054372360697,"MSN"
-0.153436701963759,15.5035106605982,-0.687466983409125,0.513130030146932,0.719539478363931,-6.27793470287489,"TAF8"
-0.212883177269733,14.7882157149129,-0.676981172501314,0.519384619198983,0.72538581520074,-6.28541439411253,"PCCA"
0.120123258036193,15.6319321182106,0.673877338479722,0.521188735854687,0.72538581520074,-6.28767099866656,"AP3S2"
-0.21976932848945,13.8050139415646,-0.660219209051678,0.529371926587797,0.734036165863376,-6.29728086139547,"CDSN"
0.0821196034981568,16.6239024923631,0.62955625181009,0.548159826282324,0.757272648901137,-6.3180843947181,"DARS1"
-0.170790144751503,15.8040784309719,-0.6236772313929,0.551910370239705,0.75964047269155,-6.32186103229228,"PRDX2"
0.0834881036621695,18.2355190245967,0.619834227915706,0.554250569563054,0.760056847231688,-6.32444092261924,"ABCF1"
-0.145581053676541,14.6588724941932,-0.588832976406757,0.573752633011531,0.783918432649454,-6.34430582753686,"TPM4"
-0.12738895526528,15.5620330736934,-0.570760268109226,0.585375544487527,0.794209170044667,-6.35538335195595,"MYO1G"
0.104743697474468,16.5358822474761,0.57049999694368,0.585542953786283,0.794209170044667,-6.35554156272165,"DCD"
0.14711964408686,14.739931160839,0.5656652483384,0.588657631886738,0.795104318214094,-6.35846847660135,"THOC5"
-0.0843188809935924,19.6999427004331,-0.56286449477326,0.590466209504837,0.795104318214094,-6.36015361477209,"RPL27A"
-0.202469790926802,13.0748918777831,-0.556962045649526,0.594197448620446,0.795542274816176,-6.36377376406577,"CORO1A"
0.0676888003882254,18.4154854496137,0.55563765044996,0.595057090278051,0.795542274816176,-6.36455996849616,"PIP4K2A"
-0.119643686320192,14.9142194182619,-0.550024361517465,0.598797368230637,0.797207420506266,-6.36778107257655,"STOM"
-0.0704017805883979,16.4163639537577,-0.547158349681967,0.600577172016785,0.797207420506266,-6.36955283157458,"RPN1"
0.0919801027019957,15.0800502617689,0.542169982860328,0.603837749392816,0.798693193345817,-6.37245714023086,"FLNA"
-0.146775340786874,16.4587261853502,-0.527283123878402,0.61371046217795,0.806127653940849,-6.38089249774823,"HSPA9"
0.174463503741363,14.6314701712509,0.527176516390596,0.613780841070244,0.806127653940849,-6.38095275878014,"PSMB6"
-0.0823897338684922,16.1194632785997,-0.503076925019572,0.629760370677401,0.824212695658493,-6.39432516607004,"DSG1"
0.0580895105625174,18.0840780601602,0.495384332397386,0.634880798135132,0.827306862043013,-6.39849637891411,"SRP14"
0.0805940740859796,16.8557343788809,0.487735342477894,0.640111342761777,0.827306862043013,-6.40246967602286,"RBBP4"
-0.199200568031744,12.8477910570094,-0.486513182548361,0.640884150579079,0.827306862043013,-6.40316237162731,"ACTN4"
0.0878553166860847,15.2575933647653,0.485398835432832,0.641620101340164,0.827306862043013,-6.40376253684033,"PABPC1"
0.399211392228789,11.4748131452934,0.48314288926471,0.643214450381967,0.827306862043013,-6.40487361753597,"ATP5F1B"
0.0767913793430335,15.1583916716053,0.469170334192678,0.652627755378359,0.831732338129773,-6.41212746996904,"POLR2E"
-0.0876120674211336,16.5087035014391,-0.469218716476209,0.652669213162552,0.831732338129773,-6.41203191962538,"DSC1"
-0.11069988270739,15.189413689423,-0.463944378573902,0.656268535423344,0.831732338129773,-6.41469204876857,"PPP1CB"
0.0880844792878701,15.0745471879104,0.463775573051757,0.65633438132702,0.831732338129773,-6.41482365316335,"GNG2"
0.139870146216856,13.9017919239878,0.461400256707521,0.657935143017925,0.831732338129773,-6.41603410127608,"TPR"
0.15833301068329,13.6544511422379,0.456783876438287,0.661098372689244,0.831732338129773,-6.41832601023302,"LARS1"
-0.150763156094644,13.9065778502787,-0.45508536172006,0.662264086929069,0.831732338129773,-6.41916380696582,"NUMA1"
-0.107430316793796,14.7104675351281,-0.450982260968529,0.665107423227956,0.832285410996749,-6.42115386836286,"FLG2"
0.0616056917292411,15.9953095345926,0.446383493337621,0.668251874032106,0.832285410996749,-6.42340978158696,"RFC3"
0.138470433477925,15.1602961554434,0.444823067224018,0.669398453884785,0.832285410996749,-6.42409814037782,"SRP68"
0.128615304949003,14.3668788464351,0.425257483957984,0.68289535701817,0.84530993149338,-6.43339472562777,"CAT"
0.07753927301885,15.8865185130958,0.423184662016595,0.684406432469171,0.84530993149338,-6.43429020502658,"MYL6"
-0.0782450080094446,14.7795238970743,-0.415897227197449,0.689430629731216,0.845416878342519,-6.43767165786059,"INO80"
-0.100567386560423,15.6559448969877,-0.41573551876986,0.689608796510856,0.845416878342519,-6.43768712592353,"RPS18"
0.100573086404967,17.2538502775098,0.413329990830058,0.691292621700987,0.845416878342519,-6.43877181040937,"EEF1A1"
-0.132868062265432,15.9557844947972,-0.399835743389538,0.700772626330099,0.850397851671798,-6.4447451720156,"RPL32"
0.109215519094155,14.6999408955478,0.399581140489037,0.700952044059075,0.850397851671798,-6.44485605408182,"NRDE2"
0.0773265414186302,15.168094725479,0.397759601334901,0.702205196554729,0.850397851671798,-6.44567412635219,"LTV1"
-0.111101198089901,14.6347651626849,-0.389204218620283,0.708281799803981,0.854980942805452,-6.44931777778951,"HNRNPA3"
0.0852079704875841,15.4577882856588,0.379298743760826,0.715309402453431,0.858649862034388,-6.4534717962175,"LDHA"
0.0474552193060873,18.1938725404257,0.378350364154059,0.715925220087653,0.858649862034388,-6.45391282841856,"HSPA8"
0.0799122911977861,15.8347296039782,0.371979878598956,0.720520887813082,0.861391958827819,-6.45647499913697,"SERPINB3"
-0.0565149928294595,16.668105581902,-0.364046122512587,0.726150276015108,0.864765008876103,-6.45969752588396,"POLR1C"
0.0539479146797461,20.8337867300851,0.361544182465794,0.727979122753609,0.864765008876103,-6.46065975056922,"MYH9"
-0.0853133594822069,15.548658036648,-0.351876962236389,0.734916273323962,0.868007272611794,-6.46443388789565,"GEMIN2"
0.108328034494983,14.5081950808414,0.350719547088443,0.735748613356514,0.868007272611794,-6.46487913031406,"NOP16"
-0.0518435439661662,15.9871999681389,-0.344988750665936,0.739822429018276,0.868007272611794,-6.46710396717046,"RFC1"
0.0942836155518396,14.0986119655131,0.340510502569134,0.743054356094495,0.868007272611794,-6.46878516867596,"CPT1A"
-0.0572339665362378,16.259211519785,-0.336818757386697,0.745774423946046,0.868007272611794,-6.47011572700693,"AP3S1"
0.0777166667243261,14.6853180637189,0.335282782870499,0.746834151508793,0.868007272611794,-6.47072082412058,"GIGYF2"
0.0822535380714839,14.9952294603303,0.331075634351706,0.749932090429042,0.868007272611794,-6.4722193648874,"NEMF"
-0.0764848048359497,15.2798817722896,-0.329744449648947,0.750897056874716,0.868007272611794,-6.4727019549312,"HNRNPH1"
-0.0975272703256085,14.2420216501209,-0.327211721532255,0.752684312761742,0.868007272611794,-6.47365225894846,"HCFC2"
-0.448129972701983,13.7598440192141,-0.317664899260002,0.759674943314408,0.868007272611794,-6.47699482979287,"IGHA1"
0.0915627477835201,14.1851466381706,0.316973468637837,0.760130220151642,0.868007272611794,-6.47727103004837,"RPL36AL"
-0.0675016160409569,15.3677747120231,-0.315106765031129,0.761538772599284,0.868007272611794,-6.47788397531858,"RRP1B"
-0.1181464905399,14.1557265918208,-0.314347579302485,0.76209223234936,0.868007272611794,-6.47814650467841,"EIF3G"
0.103969003450295,14.5797552534824,0.312708169145552,0.763287896559433,0.868007272611794,-6.47871131772766,"NOP58"
0.0540651154785667,15.3308781829301,0.304083370326869,0.769543230351749,0.871200064249471,-6.48166795662528,"TFAM"
-0.0450489526244233,15.2659471932904,-0.302412014408776,0.770766812874867,0.871200064249471,-6.48222505032821,"DDX17"
-0.105470524835967,12.6679851523338,-0.289764741514801,0.780048027534416,0.875780742298755,-6.48634351161886,"IPO5"
0.0455141396742302,15.2346366597927,0.288096582286477,0.781275099420701,0.875780742298755,-6.48687390902002,"NHP2"
0.0836439252232886,14.1481852732122,0.287297351291057,0.781863236422213,0.875780742298755,-6.48712696731299,"EIF3I"
-0.0995046132322326,14.2823389179756,-0.271557907173375,0.793516984683232,0.886173159541454,-6.49194406731525,"MECP2"
0.0576242269758147,16.0085122853301,0.263654949557037,0.799367935942491,0.889219828379483,-6.4942766449125,"EEF2"
0.156557131421456,14.4843155440106,0.258388403234257,0.803274681071692,0.889219828379483,-6.49579356712883,"DDX20"
-0.0645207373321988,15.5797758070142,-0.258223636372464,0.803397003120337,0.889219828379483,-6.495840540412,"ATP5F1A"
0.0585293948038395,15.9447748379649,0.246640546563789,0.812010734566024,0.896094686370198,-6.49906899703645,"GTF2I"
-0.045719665499103,18.3307120980225,-0.242064598434717,0.815421354229045,0.897204026924583,-6.50030428596617,"EEF1G"
-0.0441715844802566,14.9224450695005,-0.235932368421479,0.819963276779686,0.899547947761244,-6.50194409342403,"MRPS15"
-0.0331461345201554,15.1407869594022,-0.225691907787998,0.827625204060316,0.905290912359231,-6.50455603260368,"RPL15"
0.0428218291991289,14.7506579474135,0.219200504022133,0.832492501760206,0.907952348410984,-6.50615256594287,"RFC5"
-0.0541103579503304,15.1260647225648,-0.203307779317655,0.844471829244453,0.918332339090907,-6.50985207055648,"MARS1"
-0.084668650073537,14.491773275841,-0.19460951324948,0.851029072922224,0.922772802906946,-6.51176934777589,"BCAS2"
0.0255695057823502,17.4056547615284,0.190528608792997,0.854090789988032,0.923068067788072,-6.51264922283717,"RPS6"
0.0721608601676138,14.118572746562,0.185306139907863,0.858056383488311,0.923068067788072,-6.51372818968827,"PPIA"
-0.0320201414050771,14.8490861886758,-0.184385072183858,0.858725521507938,0.923068067788072,-6.51392939807606,"GSN"
0.0267870509023282,16.2966351949712,0.175997507225879,0.865083839926039,0.927230667506933,-6.51560067683892,"RABL6"
0.033510040453244,16.1042873724909,0.170363954951307,0.869371432921333,0.929156287907327,-6.51667533775434,"RPL39"
-0.0441964622969042,14.1062832061186,-0.161349158343432,0.876190073012998,0.932216903522232,-6.51834416499225,"POLR2H"
-0.0272266620005244,15.9140214466814,-0.159991430040075,0.877233600901617,0.932216903522232,-6.51858146011351,"UBTF"
0.0611533456789299,12.2218071480486,0.145877410421552,0.887961881889692,0.940936880525156,-6.52098136170857,"SF3A2"
-0.0280881175934926,14.7257427542124,-0.133018291518076,0.897768930013173,0.948634025198055,-6.52297226280062,"DLGAP5"
-0.0437965252807508,13.7223055306578,-0.128606884537979,0.901137781208212,0.948859936315279,-6.52361317239036,"CHAF1B"
0.0232439993142215,16.8759615845088,0.12610167732222,0.903070448771915,0.948859936315279,-6.52396167266323,"HP1BP3"
-0.0291408418783838,16.9799714771543,-0.11613321174737,0.910692088704922,0.954180194064427,-6.52530393907635,"SMARCC1"
0.0109268099050404,18.2290180612181,0.100418265871816,0.92271264257726,0.964066710591928,-6.52720014050522,"RRBP1"
-0.0193706960268845,15.0187548821539,-0.0951912262938473,0.926735451290181,0.965565148969937,-6.52776515444363,"SMARCA5"
-0.0185611350233437,16.102578025741,-0.0868547399347198,0.933132481352966,0.967701199123166,-6.52860951358273,"DLST"
-0.0407472546629926,15.0872382223664,-0.0834868790555943,0.935718342032309,0.967701199123166,-6.52892874215184,"DKC1"
-0.0255763377532627,14.2463159203005,-0.0809915233239677,0.93762296163213,0.967701199123166,-6.52915958772655,"ARHGEF2"
-0.0203508018053054,15.0213681569704,-0.079002049899409,0.93916309405519,0.967701199123166,-6.52933428450275,"DDX24"
0.0213813818240123,14.1854972581024,0.0741316528342423,0.942894714138997,0.968869775134562,-6.52975142802454,"GNAI2"
0.015752231906518,14.8728073245421,0.0702157168166865,0.945915737548156,0.969303764025995,-6.53006400561831,"BAG2"
-0.0118543170286962,14.7252940730962,-0.0570885858768056,0.95600475341337,0.976958282255307,-6.5309955431409,"BBX"
0.022493282497841,13.164230838774,0.0483010974025555,0.962777352061176,0.981191126554149,-6.53150998393513,"PCDH10"
-0.00902638735636785,15.0898752389519,-0.0437875674253599,0.966252990407906,0.982050042022205,-6.53174143664137,"TXN"
0.00797926636022694,14.8256348585471,0.0385010111272538,0.970319259240267,0.983502944827771,-6.53198424886627,"LMNA"
-0.00481993916499412,14.990274950828,-0.0298887307762623,0.976955964900456,0.987546273463062,-6.53231205310772,"HNRNPA2B1"
-0.00475016661872729,14.4437823367188,-0.0209626351063657,0.983836542135325,0.990535878390935,-6.53256469260059,"PRPF3"
-0.00432404491226457,15.0708012634805,-0.018143767239757,0.98601241676311,0.990535878390935,-6.53262592821378,"MATR3"
0.00634308246655735,15.0188961381617,0.0137150455550563,0.989426370461528,0.990535878390935,-6.53270451718456,"RPL38"
-0.00267864241323679,16.9662316460433,-0.0122758167337847,0.990535878390935,0.990535878390935,-6.532725352957,"RPL24"
