"Protein","rPAL_detected","Sial_rPAL_detected"
"TMA7B",3,2
"ESYT2",3,3
"MED19",3,3
"IGLC7",2,1
"ARHGAP10",3,3
"HACL2",2,3
"PLEKHG3",3,3
"ANKRD18B",3,3
"PIPSL",3,3
"NBAS",0,2
"TARS3",3,3
"DENND3",3,3
"VWA8",3,3
"SBNO1",3,3
"GTPBP10",3,3
"CTAGE9",3,2
"POTEF",2,1
"CNOT1",3,3
"GOLGA8O",3,3
"RBMY1B",3,3
"ZNF316",3,3
"TCAF2",3,3
"DDTL",2,1
"SMCHD1",3,3
"METTL15",3,3
"UNCX",3,3
"CCDC85C",3,3
"POM121C",3,3
"A2ML1",3,3
"PHF20L1",3,3
"SNRPGP15",3,3
"TTC34",3,3
"MYO1G",3,3
"MYO9A",3,3
"TDRD15",3,3
"NACA",3,3
"C11orf98",3,3
"CNK3/IPCEF1",2,3
"GOLGA8T",3,2
"AGPS",3,3
"KIF2A",3,3
"DDX39A",3,3
"ACOT7",2,2
"MYO1C",3,3
"SNAP23",3,3
"HAX1",2,2
"AIP",3,3
"GTPBP1",3,3
"SMAP",3,3
"RAB27B",3,3
"AP3B1",3,3
"NDUFS8",3,3
"PSMD11",3,3
"PSMD12",3,2
"PSMD9",1,3
"MEN1",3,3
"CBX4",3,3
"SUPT5H",3,3
"TAF4",3,3
"CLIC1",3,3
"EIF3F",3,3
"WWP2",3,2
"CDC7",3,3
"IPO5",3,3
"POLRMT",3,3
"EEF2K",3,1
"SAP18",3,3
"DNM1L",3,3
"RTCA",2,2
"GOLIM4",3,2
"PLOD2",3,3
"EXOC5",3,3
"HMGN4",3,3
"COXFA4",3,3
"PSMD14",3,3
"ZNF593",3,3
"BIN1",2,2
"KPNA3",3,3
"STK25",3,3
"KRIT1",3,3
"PES1",3,3
"EBAG9",2,3
"SDCBP",3,3
"MPHOSPH10",3,3
"NOP56",3,3
"DDX3X",3,3
"KPNA4",3,3
"E2F3",2,3
"PPP6C",3,3
"SCD",3,3
"ARID1A",3,3
"CDK2AP1",2,2
"TRAFD1",3,0
"COX7A2L",2,1
"UBFD1",2,0
"CIT",3,3
"COPE",3,3
"EIF1AY",3,3
"UTY",3,3
"AP3D1",3,3
"ABLIM1",3,3
"DVL1",2,2
"CHD1",3,3
"CHD2",3,3
"ADAM10",3,2
"EI24",2,0
"ITGB1BP1",2,0
"MAP2K7",3,3
"PDCD5",2,3
"PRMT5",3,3
"NHERF1",3,3
"CHEK1",3,3
"TPP1",3,3
"TCERG1",3,3
"TNPO2",3,3
"POLR3A",3,3
"PSMA7",3,3
"SCAMP3",3,3
"MGST3",3,3
"GEMIN2",3,3
"IKBKB",3,3
"TIMM23",3,3
"HAT1",3,3
"UBE2L6",2,0
"UQCRQ",3,3
"MYL12B",3,3
"AURKA",3,3
"PPP1R12A",3,3
"SLC27A2",3,3
"GAK",3,3
"HNRNPDL",3,3
"XPO1",3,3
"ZNF609",3,3
"MAST4",3,2
"SEC16A",3,3
"U2SURP",3,3
"SETD1A",3,3
"PFAS",3,3
"ANKRD28",3,3
"LSM1",3,3
"DEGS1",3,2
"SCAMP1",3,1
"ARPC1B",3,3
"ARPC2",3,3
"ARPC3",3,3
"POLR1C",3,3
"CETN3",3,3
"PFDN6",3,3
"WDR46",3,2
"NKRF",3,3
"CASC3",3,3
"MRPS12",3,3
"RER1",3,3
"SURF4",3,3
"ATXN7",3,3
"SPTLC1",3,3
"SPTLC2",3,2
"OGT",3,3
"POLR3G",3,3
"INPP4B",3,3
"HMGB3",3,3
"PPM1G",3,3
"EIF3D",3,3
"EIF3H",3,3
"HDAC3",0,2
"NVL",3,3
"STX7",2,0
"TNRC18",3,3
"POLR1G",3,3
"NUP42",3,3
"ARPC5",3,3
"POLR2D",2,2
"DDX3Y",3,3
"TAPBP",3,3
"KCNN4",3,3
"DHX15",3,3
"RNMT",3,3
"RRP8",2,2
"PJA2",3,3
"CYB5B",2,1
"PRPF4",3,3
"PHGDH",2,3
"DYNC1LI2",3,1
"PSMD3",3,3
"RBFOX2",3,3
"PAPSS1",1,2
"ZW10",3,3
"SART1",3,3
"DAPK3",3,3
"CCP110",3,3
"MTSS1",3,3
"PPIP5K2",3,3
"MAP3K7",1,2
"EEF1E1",3,3
"WDR62",3,3
"HNRNPR",3,3
"PRPF3",3,3
"TXNL1",3,3
"TPD52L2",3,3
"THAP12",3,3
"FIBP",3,3
"PPIH",3,3
"EPB41L2",3,3
"MED7",3,3
"TGM5",3,3
"DENR",3,3
"TIMM44",3,3
"TRAPPC3",3,2
"NCK2",2,3
"PLRG1",3,3
"PRC1",3,3
"ZNF207",3,3
"GET3",3,1
"BUB3",3,3
"ACTN4",3,3
"BUD23",3,3
"HTATSF1",3,3
"ITM2A",3,3
"SGTA",3,3
"NARS1",3,3
"MYO1B",3,3
"NUDT21",3,3
"LANCL1",3,3
"STRN",3,3
"RRP9",3,3
"AKAP8",3,3
"GTPBP6",3,3
"IDH3B",3,3
"AHCYL1",3,3
"RAD21",3,3
"DHX16",3,3
"ZNRD2",3,3
"GMFG",3,3
"MED14",3,3
"SMARCA5",3,3
"ZNF292",3,3
"ZFC3H1",3,3
"AQR",3,3
"OPA1",3,3
"PIP5K1C",3,3
"KDM1A",3,3
"TBC1D4",3,3
"FADS1",3,3
"PPL",1,3
"ACSL4",3,2
"STX10",2,1
"SYNCRIP",3,3
"CDC40",3,3
"NEMF",3,3
"GMDS",3,3
"NMT2",3,3
"CCNT1",3,3
"PLOD3",3,2
"EIF4E2",3,2
"DIAPH1",3,3
"EXOC3",3,3
"JAK2",2,3
"KPNA6",3,3
"LPXN",3,3
"CTNND1",3,3
"CYTIP",3,3
"HPGDS",3,3
"DPM1",3,3
"USO1",2,3
"MRPS14",3,3
"TOM1",3,2
"PQBP1",3,3
"DKC1",3,3
"EIF5B",3,3
"EDF1",2,3
"KIN",3,3
"DIAPH2",3,1
"DNAJA2",3,3
"BRD4",3,3
"CUTA",2,2
"TBL1X",3,3
"NBN",3,3
"KIF21B",2,1
"SRGAP2",3,3
"CBFA2T3",2,1
"WDR1",3,3
"ROCK2",3,3
"CLASP2",3,3
"CPNE3",3,3
"RNF40",3,3
"PHF2",3,3
"ZC3H11A",3,3
"CLUH",3,3
"DNAJC13",3,3
"CNOT3",3,3
"ANKRD17",3,3
"SIN3B",3,3
"DNAJB6",3,3
"GGCT",3,3
"NDUFS7",3,3
"NDUFS2",3,3
"DUSP11",3,3
"NIPSNAP2",3,3
"HMMR",3,3
"PDCD6",3,3
"ALOX12B",0,2
"TBCA",3,3
"ATP6V1G1",3,3
"VPS4B",3,2
"MACROH2A1",3,3
"SH3BGRL",2,1
"FLNB",3,3
"NCOR1",3,3
"SLC43A1",3,0
"CS",3,3
"MRPL33",3,3
"SEC22B",3,3
"PRPF40A",3,3
"TACC1",3,1
"PMPCB",3,3
"MED24",3,3
"PSIP1",3,3
"ERLIN1",3,3
"SUPT3H",3,3
"NDUFS3",3,3
"SRSF10",3,3
"ECI2",3,2
"TADA3",3,3
"TAF5L",3,3
"EED",3,3
"BANF1",3,2
"SF3B1",3,3
"CSDE1",3,3
"SKAP2",3,3
"PRKRA",3,3
"MED6",3,3
"MYCBP2",3,3
"NPM3",3,3
"LYPLA1",3,3
"ERAL1",3,3
"SERPINB7",3,3
"SNRNP200",3,3
"TRMU",3,3
"TIPRL",3,3
"RPS6KA4",3,3
"SURF6",3,3
"UTP20",3,3
"NUP155",3,3
"WDHD1",3,3
"SLC25A12",3,3
"GRAP2",3,3
"RNASEH2A",3,3
"CDC123",3,3
"POP7",3,3
"RPP40",3,3
"EIF3G",3,3
"EIF3J",3,3
"IDH1",3,3
"CCNK",3,3
"ARL6IP5",3,3
"DYSF",3,3
"PIAS1",3,3
"BCAS2",3,3
"DNAJC8",3,3
"SMNDC1",3,3
"ATP5PD",3,3
"TRIO",3,3
"ATP5MG",3,3
"SASH3",3,3
"GLRX3",3,3
"RSL1D1",3,3
"CLPX",3,3
"CIAO1",3,2
"RGS20",3,3
"SRP72",3,3
"RECQL4",3,3
"RECQL5",3,3
"URI1",3,3
"MTA2",3,3
"STK10",3,3
"TOMM70",3,3
"TOX4",3,3
"SUPT7L",3,3
"FCHSD2",1,3
"UFL1",3,3
"FARP2",3,3
"UBXN7",3,1
"TOX",3,3
"PLPBP",3,3
"ERLIN2",3,3
"PRPF6",3,3
"PCF11",3,3
"FRYL",3,3
"GLS",3,2
"HAUS5",3,3
"KDM4B",3,3
"AP2A2",3,3
"SEC31A",3,3
"SLITRK5",2,2
"HEXIM1",3,3
"RPP14",3,3
"UBR5",3,3
"SCAF4",3,3
"SNUPN",3,3
"ELP1",3,3
"NDUFB4",3,3
"LETM1",3,3
"STBD1",3,2
"LUC7L3",3,3
"KIF4A",3,3
"MBD4",1,2
"SBF1",3,3
"GOSR1",3,3
"KAT7",3,3
"ATE1",3,3
"EPM2A",3,3
"VAPB",3,1
"SNAPIN",3,3
"NDUFA10",3,3
"CELF2",3,3
"PGLS",3,3
"SMC2",3,3
"FARS2",3,3
"ZBTB7A",3,3
"IPO7",3,3
"SLU7",3,3
"CD2BP2",3,3
"MED26",3,3
"BAG4",3,3
"AHSA1",3,3
"PARN",3,3
"FMNL1",3,3
"SGPL1",3,3
"NSA2",3,3
"SEC24B",3,3
"METTL18",3,3
"ETHE1",3,2
"ACSL3",3,3
"POLR1A",3,3
"PCNT",3,3
"YEATS4",3,3
"ZBTB11",3,3
"CPSF4",3,3
"ASMTL",3,3
"CDS2",2,2
"POP4",3,3
"HERC2",3,3
"SNAP29",3,1
"OXSR1",3,3
"HSPA4L",3,3
"PTBP3",3,3
"LSM8",3,3
"AP2A1",3,3
"WIZ",3,3
"STAU1",3,3
"TTC4",3,3
"CAVIN2",3,3
"BAG2",3,3
"MAP4K4",3,3
"AIFM1",3,3
"LATS1",2,3
"FADS2",3,3
"GPANK1",3,3
"SYF2",3,3
"MBD3",3,3
"TOP3B",3,3
"NDUFB10",2,3
"CLPTM1",3,3
"TOMM40",3,3
"PEX11B",3,3
"ACTL6A",3,3
"NSD2",3,3
"LDHA",3,3
"GLUD1",3,3
"DHFR",3,3
"CYB5R3",3,3
"GSR",3,3
"MT-CO2",3,3
"SOD1",3,3
"PNP",3,3
"HPRT1",3,3
"GOT2",3,3
"PGK1",3,3
"ADA",3,3
"SERPINC1",2,1
"A2M",3,3
"CSTA",3,3
"JCHAIN",2,2
"IGKC",3,3
"IGHG1",1,3
"IGHA1",3,3
"HLA-B",3,3
"HLA-H",3,3
"HBD",2,3
"COL1A1",2,3
"LMNA",3,3
"ALB",3,3
"AFP",2,2
"TFRC",3,3
"LTF",3,3
"FTL",1,3
"VTN",3,3
"CAT",3,3
"RAF1",3,3
"ALDOA",3,3
"CSTB",3,3
"ANXA1",3,3
"OAT",3,3
"TUBB4A",3,1
"GAPDH",3,3
"HLA-A",3,3
"CAPNS1",3,3
"HSPB1",3,3
"TYMS",3,3
"RPN1",3,3
"RPN2",3,3
"GNAI2",3,3
"ATP1A1",3,3
"ARG1",3,3
"ITGB2",3,3
"S100A8",3,3
"HMGN1",3,3
"SLC25A5",3,3
"ISG15",3,3
"PCCA",3,3
"PCCB",3,3
"EIF2S1",3,3
"HMGN2",3,3
"RPLP1",3,3
"RPLP2",3,3
"RPLP0",3,3
"POLR3D",3,3
"SSB",3,3
"ITGB1",2,3
"UROD",2,2
"GSN",3,3
"RB1",3,3
"PTMA",3,3
"CDK1",3,3
"ATP5F1B",3,3
"S100A9",3,3
"EIF4E",3,3
"ENO1",3,3
"PYGL",3,2
"GPI",3,3
"POLB",3,3
"NPM1",3,3
"TPM3",3,3
"LDHB",3,3
"GPX1",3,3
"P4HB",3,3
"CTSD",3,3
"ANXA2",3,3
"CAPN1",3,3
"TUBB",3,3
"PRSS1",3,3
"HEXB",2,1
"PFN1",3,3
"APRT",3,3
"EPRS1",3,3
"HSP90AA1",3,3
"HNRNPC",3,3
"YES1",3,3
"LYN",3,3
"FH",3,3
"ERCC1",2,2
"SP1",3,3
"ZFY",3,2
"ANXA6",2,3
"ABCB1",3,3
"SLC3A2",3,3
"HSP90AB1",3,3
"SRPRA",3,3
"ITGA2B",3,3
"PDHA1",3,3
"PLEK",3,3
"CYC1",3,3
"PTPRC",3,3
"SNRPB2",3,3
"SNRNP70",3,3
"RPS17",3,3
"GNAI3",3,2
"ANXA5",2,0
"RPSA",3,3
"MRPL3",3,3
"SNRPA",3,3
"SRP19",3,3
"GSTP1",3,3
"SNRPC",3,3
"LGALS1",3,3
"QDPR",1,2
"HMGB1",3,3
"GSTM1",3,3
"TPM1",3,3
"CLTA",3,3
"ANXA4",2,3
"CNP",3,3
"DLD",3,3
"HNRNPA1",3,3
"SNRPA1",3,3
"FGR",3,3
"PARP1",3,3
"POLA1",3,3
"IFIT1",3,2
"LTA4H",2,3
"ALDOC",3,3
"H2AZ1",3,3
"H2AC11",3,3
"TFPT",3,3
"FBXO45",3,2
"POLR2M",3,3
"POTEI",3,3
"SP9",3,3
"HSPA1A",3,3
"CALM1",3,3
"ERCC6",3,2
"POLR1D",3,3
"GATD3",2,1
"GLI2",3,3
"ZBTB48",3,3
"GLI4",3,3
"RO60",3,3
"HLA-C",2,2
"ARAF",2,3
"H1-4",3,3
"DLAT",3,3
"TXN",3,3
"MGST1",3,3
"PRKAR1A",3,3
"TFPI",3,3
"ESD",1,2
"HSPD1",3,3
"CLU",2,3
"HSPA5",3,3
"HSPA8",3,3
"SLC2A1",3,3
"EPB41",2,3
"UMPS",3,3
"PDHB",3,3
"DBT",3,3
"PYGB",3,3
"RALA",3,3
"RALB",3,3
"BCR",3,3
"LAMP1",3,1
"ERG",3,3
"ACADM",3,3
"FGFR1",2,1
"TOP1",3,3
"TOP2A",3,3
"G6PD",3,3
"PC",3,3
"MTHFD1",3,3
"ADH5",1,2
"PRPS2",3,3
"PABPC1",3,3
"PCNA",3,3
"SLC25A4",2,1
"SLC25A6",3,3
"IMPDH2",3,3
"TPR",3,3
"PIP",3,3
"BCKDHA",3,3
"SKI",3,3
"ACTN1",3,3
"MYL4",1,2
"PEPD",3,3
"XRCC6",3,3
"XRCC5",3,3
"COX4I1",3,2
"IFITM1",2,3
"LAMP2",3,3
"RNH1",2,3
"NCAM1",2,1
"EEF2",3,3
"PDIA4",3,3
"P4HA1",3,3
"TPT1",3,3
"LCP1",3,3
"APEH",3,3
"ETFA",3,3
"GYS1",3,1
"PRKAR2A",3,3
"MTHFD2",3,3
"MIF",3,3
"PRKCSH",3,3
"HCLS1",3,3
"FDPS",3,3
"TRIM27",3,3
"COX7A2",3,3
"AKR1A1",3,3
"PKM",3,3
"HSP90B1",3,3
"CCNB1",3,3
"MYL6B",3,3
"SNRPB",3,3
"IDE",2,2
"HNRNPL",3,3
"DARS1",3,3
"JUP",3,3
"CPA3",2,3
"GLUL",3,3
"ANPEP",3,3
"RAC2",3,3
"GSPT1",3,3
"EZR",3,3
"ATF2",2,3
"UCHL3",3,2
"FOSL2",3,3
"VAV1",3,3
"NME1",3,2
"RPS2",3,3
"TCF4",2,1
"DSP",3,3
"RPA2",3,3
"CD44",3,3
"H2AX",3,3
"SPN",3,3
"CREB1",3,3
"NCK1",3,3
"H1-5",3,3
"H1-3",3,3
"H1-2",3,3
"ATP2A2",3,3
"FAH",3,1
"STMN1",3,3
"YBX3",3,3
"ZNF16",3,3
"ZNF22",3,3
"ZNF24",2,0
"HMGA1",3,3
"ZNF8",3,0
"GOT1",3,3
"UBTF",3,3
"JUND",3,3
"NDUFB7",2,3
"PTPN2",3,3
"CTPS1",3,3
"DDX5",3,3
"PFKL",3,3
"FLT1",3,3
"PSMC3",3,3
"TCP1",3,3
"PTPN1",3,3
"ERCC2",3,3
"RPL35A",3,3
"ARF4",3,3
"RPL7",3,3
"VCL",3,3
"SON",3,3
"NELFE",3,3
"RPL17",3,3
"PGAM1",3,3
"RCC1",3,3
"ATF1",3,3
"ATF6",2,2
"LIG1",3,3
"XRCC1",3,3
"PLCG1",3,3
"NCL",3,3
"HK1",3,2
"POLR2C",3,3
"POLR2E",3,3
"NDUFV2",3,3
"ERCC3",3,3
"EIF2AK2",3,3
"WT1",3,3
"SRM",3,3
"CSNK2A2",3,3
"ITIH2",3,3
"NFKB1",3,3
"EIF2S2",3,3
"ANXA7",3,3
"TBP",3,3
"BTF3",3,3
"CHRM3",3,3
"RAB6A",3,2
"MSH3",3,3
"PSMB1",3,3
"LMNB1",3,3
"ITGAL",3,3
"FLG",3,3
"CDK11B",3,3
"ATP6V1B2",3,3
"FLNA",3,3
"ACO1",3,3
"TNFAIP3",3,1
"TAF1",3,3
"VDAC1",3,3
"SDHB",3,2
"COMT",3,3
"OSBP",3,3
"PCMT1",3,3
"FUT4",3,3
"FBL",3,3
"RPS4Y1",3,3
"GART",3,3
"PAICS",3,3
"SCP2",3,3
"UBA1",3,3
"NME2",3,3
"HNRNPA2B1",3,3
"CBL",3,3
"UQCRC2",3,3
"TGM1",3,3
"FECH",3,3
"XPA",3,3
"TCEA1",3,3
"SFPQ",3,3
"TUBG1",3,3
"PPIB",3,3
"ME2",2,2
"WARS1",3,3
"RPS3",3,3
"GCSH",2,3
"RPS6KB1",3,2
"JAK1",3,2
"SP100",3,3
"AHCY",3,3
"CFL1",3,3
"EIF4B",3,3
"ATP2B4",3,3
"GATA2",3,3
"RRM1",3,3
"IL4R",3,3
"EEF1B2",3,3
"ACAT1",3,3
"POLR2A",3,3
"APC",3,1
"GRK2",3,3
"MCM3",3,3
"AZGP1",3,3
"RPS12",3,3
"BRD2",3,3
"YY1",3,3
"DNAJB1",3,3
"ATP5F1A",3,3
"PSMA1",3,3
"PSMA2",3,3
"PSMA3",3,3
"PSMA4",3,3
"MSN",3,3
"DDX6",3,3
"DNMT1",3,3
"U2AF2",3,3
"RPL13",3,3
"IVD",2,2
"MGAT1",3,2
"HMGB2",3,3
"PTBP1",3,3
"TARS1",3,3
"VARS1",3,3
"EEF1G",3,3
"FKBP2",3,2
"STOM",3,3
"AK4",3,3
"YWHAQ",3,3
"MAPK3",3,3
"MARK3",3,3
"CALML3",2,1
"RPL10",3,3
"RPA1",3,3
"APEX1",3,3
"CAD",3,3
"CALR",3,3
"MAP4",3,3
"CANX",3,3
"PIK3R1",3,3
"PSMB8",3,3
"PSMA5",3,3
"PSMB4",3,3
"PSMB6",3,3
"PSMB5",3,3
"ABCD3",3,3
"ITPRID2",3,3
"NDUFS1",3,3
"POLD1",3,3
"MAPK1",3,3
"ERCC5",3,3
"LAP3",3,3
"CD34",3,2
"GTF2E1",3,3
"GTF2E2",3,3
"TPP2",3,3
"IMPA1",3,1
"SHC1",3,3
"MPG",3,3
"KDM5A",3,3
"TKT",3,3
"CASP1",3,1
"SERPINB3",3,3
"RBMS1",3,3
"PML",3,3
"TYK2",3,3
"EEF1D",3,3
"MARCKS",3,3
"ERP29",3,3
"PRDX6",3,3
"PRDX5",3,3
"ATP5F1D",2,3
"RPL12",3,3
"ECHS1",1,2
"CMPK1",3,3
"PEBP1",3,3
"PDIA3",3,3
"PPP2R1A",3,3
"PPP2R1B",3,3
"CDC27",3,3
"NKTR",3,3
"NMT1",3,3
"HMOX2",3,3
"ADSS2",3,2
"ADSL",3,3
"SRI",2,2
"GNA15",3,3
"SERPINB1",3,3
"GCH1",3,3
"ALDH1B1",3,3
"POLR2B",3,3
"LCN1",2,0
"SDHA",3,3
"CORO1A",3,3
"S100A7",3,3
"MAT2A",3,3
"HOXA10",3,3
"HOXA9",2,3
"RRM2",3,3
"DNAJA1",3,3
"UQCRC1",3,3
"ATIC",3,3
"HNRNPH3",3,3
"HNRNPH1",3,3
"CASP14",3,3
"YWHAB",3,3
"STIP1",3,3
"S100A11",3,3
"PRDX2",3,3
"ARRB2",3,3
"GRK4",3,3
"PYCR1",2,3
"ELF1",3,3
"GTF2H1",3,3
"ICAM3",3,1
"RPL9",3,3
"KIF5B",3,3
"CSTF2",3,3
"LSP1",3,3
"DUT",3,3
"TTK",2,3
"MCM4",3,3
"MCM5",3,3
"MCM7",3,3
"SHMT2",3,3
"HSPA1L",3,3
"HSPA4",3,3
"PRSS3",2,2
"CTNNB1",3,3
"BMI1",3,3
"PHB1",3,3
"PTPN7",3,3
"SERPINB6",3,3
"NF2",3,3
"RDX",3,3
"RPA3",3,3
"RFC4",3,3
"RFC2",3,3
"RFC1",3,3
"RPL22",3,3
"GTF2F1",3,3
"AGL",3,3
"MYH9",3,3
"MYH10",3,3
"COPB2",3,3
"ADD1",3,1
"BSG",3,3
"FUS",3,3
"DEK",3,3
"MYH11",3,3
"PSMC2",3,3
"TCF7",3,3
"ARL2",0,2
"MAP2K2",3,3
"ATP5F1C",3,3
"ATP6V1E1",2,1
"RPL4",3,3
"LONP1",3,3
"PGM1",3,3
"PPP1CC",3,3
"GNL1",2,3
"POLR2I",3,3
"DLST",3,3
"GPX4",3,3
"SRP14",3,3
"FDFT1",3,3
"TAGLN2",3,3
"TALDO1",3,3
"ETFB",3,3
"RBMX",3,3
"COIL",3,3
"GGCX",2,1
"ATP6V1A",3,3
"HSPA9",3,3
"EIF4A3",3,3
"IGHMBP2",3,3
"RPS19",3,3
"RPL3",3,3
"DDOST",3,3
"ANP32A",2,3
"FEN1",3,3
"CUX1",3,1
"TXLNA",3,3
"CCT6A",3,3
"RPL13A",3,3
"MLH1",3,3
"STAT3",3,3
"USP8",3,1
"MDH1",3,3
"MDH2",3,3
"RFC5",3,3
"RFC3",3,3
"HADHA",3,3
"EIF2S3",3,3
"CETN2",3,3
"ETV6",3,3
"EIF2D",3,3
"BUD31",3,3
"NAA10",3,3
"CSK",3,3
"GARS1",3,3
"IARS1",3,3
"EIF1",3,3
"PRKCI",3,3
"ECI1",2,2
"TMPO",3,3
"TMPO.1",3,3
"STAT1",3,3
"STAT5A",3,2
"MTREX",3,3
"ARHGAP25",3,3
"PIK3CB",2,2
"MTOR",2,2
"PI4KA",3,3
"EPS15",3,3
"MLLT3",3,3
"CASP3",3,1
"RPS27",3,3
"TEC",3,3
"HELZ",3,3
"NCAPD3",3,2
"RBM34",3,3
"LRPPRC",3,3
"ACAA2",3,2
"RPL35",3,3
"MATR3",3,3
"MSH2",3,3
"GRK6",3,3
"SSR1",3,3
"ZAP70",3,3
"SYK",3,3
"RANBP1",3,3
"NAMPT",3,3
"PSMC4",3,3
"VDAC2",3,3
"ACADSB",2,3
"CBX5",3,3
"USP5",3,3
"MKI67",3,3
"RANGAP1",3,3
"RECQL",3,3
"NOP2",3,3
"ATRX",3,3
"CRKL",3,3
"MTIF2",3,2
"BAG6",2,2
"NSF",3,3
"BRCC3",3,3
"RPL27A",3,3
"RPL5",3,3
"RPL21",3,3
"RPL28",3,3
"RPS9",3,3
"RPS5",3,3
"RPS10",3,3
"NEDD4",3,3
"UTRN",3,3
"IQGAP1",3,3
"GYG1",3,3
"STT3A",3,3
"CAPZA2",3,3
"CAPZB",3,3
"QARS1",3,3
"RPL29",3,3
"LGALS7",3,3
"ZFP36L2",3,3
"UQCRFS1",3,3
"ATP5PO",3,3
"PREP",2,2
"RFX5",1,3
"PIP4K2A",3,3
"ARCN1",3,3
"PSMD8",3,3
"SERPINB4",3,3
"PRRC2A",3,3
"CCT5",3,3
"PTDSS1",3,3
"CSNK1A1",3,3
"CSNK1D",3,3
"IDH2",3,3
"TNNI2",2,2
"ADGRE5",3,2
"POLD2",3,3
"PXN",2,1
"ALDH9A1",3,3
"RPL34",3,3
"RPIA",3,3
"LMAN1",2,3
"NASP",3,3
"FASN",3,3
"CDK8",3,3
"CCT3",3,3
"MRPL19",3,2
"ARRB1",3,3
"TUFM",3,3
"CENPF",3,3
"SRP9",3,3
"PCYT1A",3,3
"AARS1",3,3
"CARS1",3,3
"SARS1",3,3
"PPM1F",3,3
"PRIM2",3,3
"CSNK1E",3,3
"CTCF",3,3
"PSMB3",3,3
"PSMB2",3,3
"MCM2",3,3
"YLPM1",3,3
"TMED10",3,3
"RBM25",3,3
"NUMB",3,3
"CLK1",3,3
"CLK2",3,3
"CLK3",3,3
"EIF2B2",3,3
"NUP153",3,3
"RANBP2",3,3
"RGS19",2,1
"NDUFV1",3,3
"GSK3B",3,3
"TAF6",3,3
"NT5C2",3,3
"SEPHS1",3,3
"GMPS",3,3
"LIG3",3,3
"MRE11",3,3
"GNAQ",3,3
"IDH3A",3,3
"GDI2",3,3
"EMD",3,3
"CPT1A",3,3
"SERPINH1",2,3
"ST13",3,3
"PEX5",2,2
"VASP",3,3
"DNM2",3,3
"METAP2",3,3
"CDK9",3,3
"PPT1",3,3
"RPL14",3,3
"CCT8",3,3
"CCT4",3,3
"ANXA11",3,3
"PAPOLA",2,2
"FXR1",3,3
"FXR2",3,3
"RAB5C",3,3
"RAB7A",3,3
"RAB27A",3,3
"DAP3",3,3
"DUSP3",3,3
"SMARCA2",3,3
"SMARCA4",3,3
"GALK1",3,2
"SSR4",3,3
"BCAP31",3,3
"MECP2",3,3
"HCFC1",3,3
"ALDH3A2",2,3
"ALDH5A1",3,3
"HSD17B4",3,3
"PSMD7",3,3
"USP11",1,2
"RPS6KA3",3,3
"AFF1",3,3
"HDGF",3,3
"CCNH",2,1
"MNAT1",3,3
"NEK4",3,3
"NDUFA8",3,3
"HNRNPA3",3,3
"PGD",3,3
"HNRNPM",3,3
"KPNA2",3,3
"KPNA1",3,3
"NCBP2",3,3
"RAP1GDS1",3,0
"JAK3",3,3
"DGKE",3,3
"POLR2H",3,3
"POLR2J",3,3
"ARHGDIA",3,3
"ARHGDIB",3,3
"HNRNPF",3,3
"MSH6",3,3
"KIF11",3,3
"ZNF143",1,2
"RBM5",3,3
"SMS",3,3
"HK2",3,3
"THOP1",3,3
"CAPZA1",3,3
"HMGA2",2,2
"NUP98",3,1
"SLC25A1",3,3
"PPP5C",3,3
"PLK1",3,3
"ACLY",3,3
"METAP1",1,2
"SUCLG1",3,3
"MVD",2,1
"COPB1",3,3
"COPA",3,3
"CTSC",3,2
"AP3M2",3,2
"AP2S1",3,3
"POLR2K",1,3
"TTC3",3,3
"SMTN",3,3
"SLC16A1",3,3
"SEC24C",3,2
"SUB1",3,3
"CLNS1A",3,3
"BLM",3,3
"RARS1",3,3
"HIRA",3,3
"TERF1",3,3
"CACNA2D1",2,2
"YARS1",3,3
"USP14",2,2
"HSPA2",3,3
"BCAT1",2,2
"ATP1B3",3,3
"RAD23B",3,3
"AK2",3,3
"ALDH18A1",3,3
"NAPA",3,2
"EIF5",3,3
"PSMD4",3,3
"CSE1L",3,3
"VCP",3,3
"MFAP1",3,3
"HADHB",3,3
"NCKAP1L",3,3
"MLLT10",3,3
"MLLT6",3,3
"ELL",3,3
"BRPF1",3,3
"NAP1L1",3,3
"ADK",3,3
"ADAR",3,3
"SEC13",3,3
"SNU13",3,3
"NPEPPS",3,3
"HNRNPH2",3,3
"OXCT1",3,3
"SUMO3",3,3
"EIF3B",3,3
"BID",1,2
"ATP5MF",3,3
"RRP1",3,3
"MARS1",3,3
"CTSW",3,3
"MAZ",3,3
"AP1S2",2,2
"EIF6",3,3
"CTBP2",3,3
"NDUFA6",3,3
"PRDM15",3,1
"WDR4",3,3
"TMEM33",2,3
"GEMIN4",3,3
"CORO7",3,3
"NUP107",2,3
"GSDMD",0,2
"EEFSEC",3,3
"EPPK1",2,3
"MTPN",2,3
"GNG2",2,1
"AP3S2",3,3
"ARPC4",3,3
"TPI1",3,3
"EIF3E",3,3
"SEC61B",3,3
"MYL6",3,3
"ACTB",3,3
"EIF4A1",3,3
"RPS20",3,3
"PRPS1",3,3
"PSMA6",3,3
"CDC42",3,3
"DSTN",3,3
"RAB8A",3,3
"SRP54",3,2
"RAB2A",3,3
"RAB10",3,3
"UBE2N",3,3
"RAB14",3,3
"ACTR3",3,3
"ACTR2",3,3
"ACTR1A",3,3
"COPS2",1,2
"ARF3",3,3
"POLR2F",1,3
"ABCE1",3,3
"RAP1B",3,3
"MAX",3,3
"RPS3A",3,3
"RPL26",3,3
"PSME3",3,3
"RPL15",3,3
"MAGOH",3,3
"RPL27",3,3
"RPL37A",3,3
"RHOA",3,3
"HSPE1",3,3
"SEC61A1",3,3
"LYZ",3,3
"B2M",2,1
"COPZ1",3,3
"RPL37",3,3
"UFM1",3,3
"DCAF7",3,3
"WDR5",3,3
"NUTF2",2,2
"HNRNPK",3,3
"YWHAG",3,3
"RPS7",3,3
"PPP1CA",3,3
"PPP1CB",3,3
"PSMC1",3,3
"PSMC5",3,3
"RPS8",3,3
"RPS15A",3,3
"RPS16",3,3
"YWHAE",3,3
"RPS14",3,3
"RPS23",3,3
"RPS18",3,3
"RPS29",3,3
"RPS13",3,3
"RPS11",3,3
"SNRPE",3,3
"SNRPF",3,3
"LSM3",3,3
"LSM6",3,3
"SNRPD1",3,3
"SNRPD2",3,3
"SNRPD3",3,3
"TMSB4X",2,3
"PSMC6",3,3
"RPL7A",3,3
"POLR2G",3,3
"ETF1",3,2
"RPS4X",3,3
"PPP2CB",3,3
"RPL23A",3,3
"RPS6",3,3
"H4C1",3,3
"RAB1A",3,3
"RAN",3,3
"RPL23",3,3
"RPS15",3,3
"RPS24",3,3
"RPS25",3,3
"RPS26",3,3
"RPS28",3,3
"FAU",3,3
"GNB1",3,3
"POLR2L",3,3
"RBX1",3,3
"RPL30",3,3
"RPL39",3,3
"RPL31",3,3
"RPL10A",3,3
"RPL32",3,3
"RPL11",3,3
"RPL8",3,3
"PPIA",3,3
"FKBP1A",3,3
"RPS27A",3,3
"GRB2",3,3
"TRA2B",3,3
"RAC1",3,3
"AP2B1",3,3
"GNAS",3,3
"GNAI1",3,3
"YWHAZ",3,3
"PPP2R2A",3,3
"DYNLT1",3,3
"RPL38",3,3
"SKP1",3,3
"RPS21",3,3
"EIF5A",3,3
"RACK1",3,3
"ACTG1",3,3
"YBX1",3,3
"SEC11A",3,2
"CSNK2B",3,3
"TPM4",3,3
"ACTC1",3,3
"UBE2L3",3,3
"EEF1A1",3,3
"ACTA1",3,1
"TUBB4B",3,3
"CSNK2A1",3,3
"PAFAH1B2",3,3
"NOMO3",3,3
"HBA1",3,3
"FAM193A",3,3
"NOP14",3,3
"RBM6",3,3
"EIF4G2",3,3
"RPP38",3,3
"RPP30",3,3
"GTF2I",3,3
"PIP4K2B",3,3
"SRPK2",3,3
"CSNK1G2",3,3
"CCT2",3,3
"RAE1",3,3
"GSTO1",3,3
"PRKDC",3,3
"NTHL1",3,3
"MAP1A",3,3
"ADARB1",1,3
"PRR3",3,3
"LCN2",2,3
"NUCB2",3,3
"DCD",3,3
"SSBP2",2,3
"MRPS22",3,3
"MRPS35",3,3
"MRPS5",3,3
"MRPS11",3,3
"MRPS15",3,3
"MRPS21",3,3
"MRPS34",3,3
"MRPS6",3,3
"MRPS9",3,3
"HMGN5",3,3
"LACTB",3,3
"RPL24",3,3
"RPL36A",3,3
"CBX1",2,1
"SMAD3",3,3
"ERH",3,3
"RHOG",3,3
"RPL19",3,3
"SERF2",3,3
"SRSF3",3,3
"H3-3A",3,3
"FOXK1",3,3
"ZBED6",3,2
"CCZ1B",3,3
"XIAP",2,3
"ARHGAP4",3,3
"RBM10",3,3
"RBM3",3,3
"ATP2C1",3,2
"CYCS",3,1
"MPP1",3,3
"TFAM",3,3
"SLC25A3",3,3
"HDLBP",3,3
"GTF2B",2,1
"CDK6",3,3
"CDK5",3,3
"PURA",3,3
"CLTC",3,3
"HSF1",1,2
"FKBP3",2,3
"PLCB2",3,3
"HNRNPU",3,3
"U2AF1",3,3
"SPTBN1",3,3
"TIAL1",3,3
"SET",3,3
"SRSF2",3,3
"FOXK2",2,3
"RUNX1",3,3
"AMPD3",2,2
"AMPD2",3,3
"FABP5",3,3
"CAP1",3,3
"FLI1",3,3
"HMGCS1",3,3
"SLC7A5",3,3
"DR1",3,3
"EXOSC10",3,3
"OTUD4",2,3
"PFKP",3,3
"SATB1",3,3
"XPC",3,3
"EWSR1",3,3
"OCRL",3,3
"PLCB3",3,3
"AKAP17A",3,3
"SP2",3,3
"OGDH",3,3
"CENPE",3,3
"KIF23",3,3
"BDH1",2,0
"DSG1",3,3
"SP4",3,2
"SP3",2,3
"RPL18A",3,3
"MAP2K1",3,3
"FKBP4",3,3
"PLOD1",3,3
"RPL6",3,3
"TOP2B",3,3
"SLC25A11",3,3
"DST",3,3
"MLLT1",3,3
"GNA12",3,3
"KMT2A",3,3
"CENPC",3,3
"LMNB2",3,3
"MVK",3,3
"ERCC6.1",3,3
"TAP2",2,1
"CEBPZ",3,3
"RELA",2,2
"UBXN1",3,3
"GBE1",3,3
"EIF4G1",3,3
"PRKCQ",3,3
"GLO1",2,2
"SSBP1",3,3
"YWHAH",3,3
"PLP2",2,0
"CSTF1",3,3
"UBE3A",2,1
"PTK2",3,3
"SRSF11",3,3
"PTPN11",3,3
"PPAT",3,3
"GFPT1",3,3
"EXOSC9",3,3
"PSME1",3,3
"RBPJ",3,3
"MEF2C",3,3
"RING1",3,3
"FMR1",3,3
"PRDX1",3,3
"RPL18",3,3
"C1QBP",3,3
"KHDRBS1",3,3
"BAX",3,3
"POLE",3,3
"KLC1",3,3
"SRSF1",3,3
"ARHGAP1",2,3
"FOXM1",2,1
"SRSF4",3,3
"TGM3",3,3
"PPP3CA",3,3
"DHX9",3,3
"CRYZ",3,1
"GOLGA3",3,3
"GOLGA2",3,3
"DSC1",3,3
"SSRP1",3,3
"VAC14",3,3
"NSUN2",3,3
"RBBP4",3,3
"NCBP1",3,3
"CCDC15",3,3
"APOBR",3,3
"HSPA14",3,3
"MGAT2",1,3
"GALNT2",2,2
"AP1B1",3,3
"CPSF1",3,3
"BST2",3,3
"PMPCA",3,3
"WASHC5",2,3
"NUP160",3,1
"TBL3",3,3
"GTF3C1",3,3
"TWF1",3,2
"ASPH",3,3
"TFCP2",3,3
"AKAP13",3,3
"SMARCB1",3,3
"BPTF",3,3
"CDC20",3,3
"GRSF1",3,3
"MAP4K2",3,3
"SFSWAP",3,3
"CHD3",3,3
"SF3A3",3,3
"TP53BP1",3,3
"IFRD2",3,3
"TRIM26",3,3
"AIMP1",3,3
"ILF2",3,3
"ILF3",3,3
"LMAN2",2,2
"ELAVL2",3,3
"TRAP1",3,3
"TRAF2",3,3
"TAF10",3,3
"PPP1R8",3,3
"ABR",3,3
"NFX1",3,3
"CSTF3",3,3
"TIAM1",3,3
"ECH1",3,3
"CDC16",3,2
"STK4",3,3
"FLII",3,3
"MKRN3",2,3
"ACACA",3,3
"CHAF1A",3,3
"CHAF1B",3,3
"IK",3,3
"MTAP",3,3
"REST",3,3
"PRKAA1",3,3
"PPFIA1",3,3
"EIF2B5",3,3
"TARDBP",3,3
"HNRNPA0",3,3
"AIMP2",3,3
"PRDX4",3,3
"PAK2",3,3
"CBX3",3,3
"STK3",3,2
"STX5",2,2
"CBLB",1,2
"PSMD2",3,3
"DDX10",3,3
"DNAJC3",2,2
"GPS2",2,0
"SRSF9",3,3
"SRSF5",3,3
"SRSF6",3,3
"TRIM28",3,3
"NMI",3,1
"PABPC4",3,3
"IFIT5",3,3
"MTA1",3,3
"EIF3I",3,3
"PPIL2",3,3
"CTBP1",3,3
"MRPL49",2,3
"DYNC1I2",3,3
"ORC1",3,1
"ILK",2,3
"IKZF1",3,3
"NNT",3,3
"XRCC4",3,3
"PPIG",3,3
"TCOF1",3,3
"SF3B2",3,3
"GOLGA4",2,2
"PDAP1",2,1
"FKBP5",3,3
"MYO9B",3,3
"ROCK1",3,3
"NFATC2",3,3
"TOP3A",3,3
"BIRC2",3,3
"PICALM",3,3
"MTM1",2,3
"SQSTM1",2,2
"MED21",3,3
"MTX1",2,1
"PRP4K",3,3
"RIPK1",2,0
"HDAC1",3,3
"CAMK2G",3,3
"CAMK2D",3,3
"DCTN2",3,3
"LAPTM5",3,3
"SNW1",3,3
"DGKZ",3,3
"IQGAP2",3,3
"STIM1",3,3
"TRA2A",3,3
"SNX1",3,3
"KRR1",3,3
"PWP1",3,3
"MTMR1",3,3
"MTMR2",3,3
"CUL1",3,3
"CUL2",3,3
"CUL3",3,3
"CUL4A",3,3
"CUL4B",2,0
"DYRK1A",3,3
"GFUS",3,3
"AAMP",3,3
"MOGS",3,3
"RUNX3",3,3
"THOC5",3,3
"SPTAN1",3,3
"GNL2",3,3
"PKP1",3,3
"DDX39B",3,3
"BLMH",3,3
"EXOSC2",3,3
"SNTB1",3,3
"TUBB2A",2,1
"GTF2H2",3,3
"GTF2H3",3,3
"BYSL",3,3
"C1D",2,1
"PDE7A",3,3
"CBFB",3,3
"CDK13",3,3
"IL16",3,3
"CKAP5",3,3
"CIRBP",3,3
"RAB33A",2,1
"HNRNPD",3,3
"BOP1",3,3
"UBE4A",2,0
"SEPTIN6",3,3
"TRIM14",3,3
"KEAP1",3,3
"DHX34",3,2
"MORC3",2,2
"SAFB2",3,3
"EIF3A",3,3
"ARHGEF7",1,3
"EFR3A",3,3
"UBAP2L",3,3
"SCRIB",3,3
"MLEC",3,3
"TTLL12",3,3
"WRN",3,3
"DCTN1",3,3
"DYNC1H1",3,3
"NPAT",3,3
"EIF2B1",3,3
"EIF4A2",3,3
"ELOA",3,3
"MAP7",3,3
"RCN2",3,3
"TRIM25",3,3
"FKBP8",3,3
"FAM50A",3,3
"FRG1",3,3
"GNA13",3,3
"CAPRIN1",3,3
"SLBP",3,3
"RBM39",3,3
"HLTF",3,3
"HNF4G",3,3
"PDIA5",3,3
"PRPSAP1",3,3
"DHX8",3,3
"MCM6",3,3
"HSP90AA2P",1,2
"ITPR2",3,3
"DSC3",3,3
"NBR1",3,3
"ITPR1",3,3
"RASA3",3,3
"TRIP12",3,3
"PUM1",3,3
"CLINT1",3,3
"KANK1",3,2
"MELK",3,3
"SMC1A",3,3
"RRP1B",3,3
"GSE1",3,3
"PDCD11",3,3
"GINS1",1,2
"BMS1",3,3
"USP10",3,3
"GANAB",3,3
"RFTN1",3,3
"PPP2R5D",3,2
"LBR",3,3
"PTPRCAP",2,2
"STAT4",3,3
"CBX2",3,3
"CASP8",3,2
"NAA30",3,3
"KIF22",3,3
"MEF2D",2,2
"CHD4",3,3
"LASP1",3,3
"DRAP1",3,3
"NFIX",3,3
"ZNF638",3,3
"KPNB1",3,3
"NOLC1",3,3
"NUMA1",3,3
"SHPRH",3,3
"GAPVD1",3,3
"ARHGAP19",2,2
"ATXN7L3",3,3
"NAA25",2,0
"NCAPH",3,3
"EMC2",2,1
"WTAP",3,3
"PSMD6",3,3
"MORF4L2",3,3
"ABRAXAS2",2,2
"SEPTIN2",3,3
"SART3",3,3
"NCAPD2",3,3
"SUZ12",3,3
"EXOSC7",3,3
"ACAP1",3,3
"EFTUD2",3,3
"LARS2",2,3
"R3HDM1",3,3
"KARS1",3,3
"MLC1",2,3
"RRS1",3,3
"IQCB1",3,3
"ARHGEF6",3,3
"POLD3",3,3
"EIF4H",3,3
"KIF14",3,3
"WDR43",3,2
"ZNF146",3,3
"EEA1",3,0
"PDIA6",3,3
"PAFAH1B3",3,3
"PDK3",3,3
"EBP",3,3
"PLCB4",3,3
"PLEC",3,3
"PCM1",3,3
"PPA1",3,3
"NECTIN1",2,1
"NONO",3,3
"PTPA",2,1
"PWP2",3,3
"RASA2",3,3
"RAB35",2,0
"RNPS1",3,3
"RBBP5",3,3
"RALBP1",3,3
"LRRC41",2,3
"TTF1",3,3
"TMED2",3,3
"PCBP1",3,3
"PCBP2",3,3
"ELOC",3,3
"ELOB",3,3
"TOMM20",3,3
"SF3B3",3,3
"PUM3",3,3
"RSU1",3,3
"SAFB",3,3
"SF3B4",3,3
"SF3A2",3,3
"PPP1R7",1,2
"SEC23A",3,3
"SEC23B",3,3
"CYTH1",3,2
"SF3A1",3,3
"SKIC2",3,2
"CDSN",3,3
"SURF2",3,3
"MED22",3,3
"TAF5",3,3
"TAF13",3,3
"TAF11",3,3
"TAF7",3,3
"TERF2",3,3
"MAPRE2",3,3
"TCEA2",3,2
"TAF1C",3,3
"TAF1A",3,3
"TSN",3,3
"TARBP2",3,3
"SF1",3,3
"TRIP13",3,3
"MED1",3,3
"TRIP4",3,3
"JMJD1C",3,3
"MAPRE1",3,3
"ZRSR2",3,3
"ELAVL1",3,3
"ELF2",3,3
"NSDHL",2,1
"SLC1A5",3,3
"MLF2",3,3
"ZKSCAN8",3,3
"TOMM34",3,3
"SMAD2",3,3
"UBE2V2",3,3
"NEDD8",3,3
"VPS72",1,2
"RAB11B",3,3
"EZH2",3,3
"ZYX",3,3
"SEPTIN7",3,3
"ADRM1",3,3
"CCDC6",3,3
"PDCD2",3,3
"PSMD5",3,3
"PKN1",3,3
"PKN2",3,2
"TAF12",3,3
"DDB1",3,3
"SNAPC1",3,3
"PPP2R5E",0,3
"MAPK14",3,3
"MRPL23",3,1
"CDC37",3,3
"DPYSL2",3,3
"SNRNP35",3,3
"SYPL1",3,0
"RBBP7",3,3
"MAP3K11",3,3
"TAF9",3,3
"ECM1",2,2
"SRSF7",3,3
"CPSF6",3,3
"SMN1",3,3
"MAPKAPK3",3,3
"FSCN1",3,3
"IFI16",3,3
"ZSCAN26",3,3
"CYP1B1",3,3
"DECR1",3,3
"CLPP",2,3
"UBE2S",3,3
"NDUFA9",3,3
"PCK2",1,2
"HADH",3,3
"UGP2",3,3
"PFKFB3",2,3
"PFKFB4",2,2
"TXNRD1",2,2
"IMMT",3,3
"GEN1",3,3
"KNOP1",3,3
"HNRNPUL2",3,3
"INF2",3,3
"PDS5A",3,3
"MTHFSD",2,3
"AAK1",3,3
"WASHC4",3,3
"ERCC6L",3,3
"TSR1",3,3
"TRIM71",3,3
"PWWP3A",3,2
"SMU1",3,3
"ZNF800",3,3
"ASTE1",3,3
"CWF19L2",3,3
"EIF2S3B",3,3
"LRRFIP1",3,3
"RMP24",3,3
"P3H1",3,2
"TRMT5",2,2
"EML3",3,3
"POLR1F",3,3
"MAP7D1",3,3
"UAP1L1",3,3
"LSM12",3,3
"GON4L",3,3
"CCDC88A",3,3
"RABL6",3,3
"TIMM50",3,3
"PARP14",3,3
"GLYR1",3,3
"ZBED5",3,0
"TTC31",3,3
"C2CD3",2,2
"VPS26B",2,3
"LARP7",3,3
"NADK2",2,3
"TBC1D10B",3,3
"TPRN",3,2
"ARID4B",2,1
"ZNG1F",3,3
"BCL7A",3,3
"SYTL3",3,3
"PABPC1L",3,3
"TIGD2",3,3
"PAN2",3,3
"FAM98B",3,3
"PDCD4",3,3
"FNDC3B",3,2
"CEP55",3,3
"NCBP3",3,3
"ORMDL2",3,3
"PLEKHO1",3,3
"HSD17B12",3,3
"USP39",3,3
"AGK",3,3
"PYCR3",3,3
"UNC50",3,3
"CDCA8",3,3
"ARHGAP15",3,3
"ASPRV1",3,2
"COBLL1",2,3
"TAF1B",3,3
"INO80D",3,3
"SGO2",3,3
"ACTBL2",3,3
"ESCO2",3,3
"PAN3",3,3
"PLEKHG4",2,0
"ODF2",3,3
"FAM133B",3,3
"ZNF326",3,3
"NOM1",3,3
"FLG2",3,3
"DNAJC21",3,3
"ESCO1",3,3
"PPP6R3",3,3
"DDX60L",3,3
"RABL3",2,1
"FAM76B",3,3
"NHSL2",2,3
"EMC4",2,0
"RPS26P11",3,3
"GCSAML",3,3
"PITRM1",2,1
"DOCK11",3,3
"PRRC2B",3,3
"AMER1",2,2
"RRP12",3,3
"TOR1AIP1",3,0
"CEP78",3,3
"PCID2",3,3
"SAMD9",3,3
"SAMD4B",2,2
"BRMS1L",2,1
"DNTTIP2",3,1
"COX20",2,1
"EXOSC6",3,3
"TTC39A",3,3
"HP1BP3",3,3
"ZMYM1",3,3
"CEP170",3,3
"LDLRAP1",3,2
"NOL9",3,3
"CEP85L",2,1
"ZNF362",3,3
"FKBP15",3,3
"HIVEP3",2,0
"ZC3H13",3,3
"SPOUT1",3,3
"OTUD3",3,3
"GPATCH4",3,3
"IBA57",3,3
"STXBP5",2,1
"CAMSAP1",3,2
"UBAP2",3,3
"PHF19",3,3
"KPRP",3,3
"EEIG2",3,3
"RBM26",3,3
"ATAD3B",3,3
"EEIG1",2,2
"DCAF8",2,3
"RNASEH2B",2,3
"RC3H1",3,3
"H3-7",3,3
"THEMIS2",3,3
"AHDC1",3,3
"LIN9",2,2
"RIF1",3,3
"GKAP1",3,2
"CEP350",3,3
"CDC42BPA",3,3
"RNF220",2,3
"GFI1B",3,3
"PRPF38B",3,3
"RNF20",3,1
"ZNF318",3,3
"SFMBT2",3,3
"CDKAL1",3,3
"ZNF691",3,3
"FOCAD",2,1
"TAF3",3,3
"RSBN1",3,3
"ECPAS",3,3
"TUT7",3,3
"SLX4IP",3,3
"NAA35",3,3
"ZMYM4",3,3
"OBI1",2,2
"MICOS13",3,3
"RNF213",3,3
"WASHC2A",3,2
"STEAP3",3,3
"FAM91A1",3,3
"ICE2",3,3
"LARP1B",3,1
"MAP1S",3,3
"E4F1",2,3
"PPP2R2D",3,3
"ARL6IP4",3,3
"ARID2",3,3
"UTP25",3,3
"TNS3",3,3
"HAUS3",2,2
"SPTY2D1",3,3
"MBLAC2",3,1
"MSL1",3,3
"CDCA2",3,3
"CWF19L1",2,3
"VIRMA",3,3
"SPECC1L",3,3
"BICRAL",3,3
"ZNF787",3,3
"ATL3",3,3
"RPL7L1",3,3
"H2BC20P",3,3
"MCTP2",3,3
"IQSEC1",3,3
"CARMIL2",3,3
"CIAPIN1",2,2
"RALGAPA1",3,2
"THOC7",3,3
"SIGIRR",2,1
"TWF2",3,3
"NCAPH2",3,3
"SNRNP48",3,3
"MRM1",3,3
"PPP4R3A",3,2
"TYW3",3,3
"SDE2",3,2
"RCSD1",3,3
"PYHIN1",2,1
"NIPBL",3,3
"PRR5L",3,2
"HMBOX1",3,3
"REEP3",2,3
"RMP64",3,3
"TAPT1",3,2
"PPP1R18",3,3
"ZCCHC8",3,3
"RPUSD3",2,1
"MIS18BP1",3,3
"DHX57",3,3
"MRPL54",3,3
"ERAP2",3,3
"CDC73",3,3
"MRPL14",3,3
"SLC27A4",2,2
"ARMCX5",2,2
"CC2D1A",3,3
"DUS1L",3,3
"TAF2",3,3
"MED27",3,3
"ZFP1",3,3
"EDC4",3,3
"CEP85",2,3
"PRPF8",3,3
"SFXN4",3,3
"PLBD1",3,3
"NFRKB",3,3
"RPL22L1",3,3
"ALKBH5",3,3
"PDXDC1",2,0
"RSBN1L",3,3
"CTR9",3,3
"SKIC3",3,2
"KCTD18",3,3
"DARS2",2,3
"INO80C",3,3
"TTC33",3,3
"TRIM65",3,2
"MIDEAS",3,3
"WDR59",0,2
"DCLRE1A",2,3
"ZC3H14",3,3
"CCDC137",3,3
"LARP1",3,3
"ATAD2",3,3
"RICTOR",3,3
"WDR74",3,3
"AGTRAP",3,2
"NHS",3,3
"MTHFD1L",3,3
"ANKRD12",3,3
"ANKRD11",3,3
"AFTPH",3,0
"FIP1L1",3,3
"LCLAT1",1,2
"SBSN",3,3
"PRSS57",3,3
"ABRAXAS1",3,3
"CWC27",3,3
"WDR82",3,3
"ZNF562",3,3
"RANBP10",3,3
"PACS1",3,3
"BCOR",3,2
"MPRIP",3,3
"RAB11FIP1",3,3
"DNAJC14",2,2
"GIGYF2",3,3
"CD109",3,3
"PPP1R21",3,3
"SYNE3",3,3
"ZNF574",3,3
"NFXL1",3,3
"Unannotated_2301",3,3
"UBR3",1,2
"BARGIN",2,1
"CRACD",3,3
"UBN2",3,3
"NKAPD1",3,3
"NCCRP1",3,3
"PAXIP1",2,0
"GTF2H5",3,2
"VPS13C",3,3
"USP34",3,3
"USP51",2,3
"UNC13D",3,3
"CENPU",3,3
"MED13L",3,3
"LARP4",3,3
"MED25",3,3
"TUBA1A",3,3
"RPS27L",3,3
"CBLL1",3,3
"SSH2",3,3
"ASXL2",3,1
"SUPT6H",3,2
"SND1",3,3
"MARK2",3,3
"DDX46",3,3
"RUFY3",3,3
"TRMT10C",3,3
"BZW1",2,3
"LRRC8D",3,3
"DHX30",3,3
"EIF3M",3,3
"MEPCE",3,3
"PARS2",3,3
"RSRC2",3,3
"CYFIP1",3,3
"MCM10",3,3
"MAEA",3,3
"EPM2AIP1",3,3
"TAOK1",3,3
"RAB11FIP2",3,3
"VASH1",3,3
"KDM3B",3,3
"RASGRP2",3,3
"HS2ST1",3,3
"MICAL3",3,3
"PHF5A",3,3
"APTX",3,3
"TRMT1L",3,3
"ZC3HAV1",3,3
"MRPL21",3,3
"TICRR",1,3
"SETX",3,3
"NEGR1",3,1
"KANSL1",3,2
"NUP54",2,3
"POGZ",3,3
"NUFIP2",3,3
"MAVS",3,1
"CLASP1",3,3
"DHX29",3,3
"TRMT11",3,3
"HAUS6",3,3
"HEATR3",3,2
"KIF21A",3,3
"HDGFL2",3,3
"DCXR",3,3
"BRAP",3,3
"EMSY",3,3
"GOLGA7",3,3
"WAPL",3,3
"IRF2BP2",3,3
"KCTD20",1,3
"NET1",3,2
"RBBP6",3,3
"ARHGAP30",3,3
"TSEN54",3,3
"HUWE1",3,3
"YTHDF3",3,3
"CNTRL",2,2
"PXK",3,3
"TAF8",3,3
"MRPL55",3,3
"CLNK",2,0
"CMC1",3,2
"CENPV",3,2
"TEDC1",2,2
"TRAPPC6B",3,2
"PATL1",3,3
"DPP9",3,1
"TADA2B",3,3
"TRPT1",3,3
"SETD3",2,3
"NOP9",3,3
"PABPN1",3,3
"METTL3",3,3
"LDB1",3,3
"PBRM1",3,3
"MTDH",3,3
"TLK2",3,3
"ZNF598",3,3
"KTN1",3,3
"LHFPL3",3,3
"SMG6",3,3
"CENATAC",3,3
"N4BP2",3,3
"FERMT3",3,3
"NAA40",3,3
"AACS",2,2
"LUZP1",3,3
"ALYREF",3,3
"MYPOP",3,3
"ZC3H18",3,3
"TAX1BP1",3,2
"CAND1",3,3
"HOOK3",2,3
"NLRP13",2,3
"THOC6",3,3
"METTL16",1,2
"LONP2",3,3
"SBF2",3,3
"CHD1L",3,3
"RPS19BP1",3,3
"RALGAPB",3,3
"CHSY1",2,3
"CARM1",3,3
"CIRSR",3,3
"PPP1R3B",0,2
"GAS2L3",3,3
"FBXO11",3,3
"DDX42",3,3
"CEP57",3,3
"SPATS2",3,3
"VRK2",3,3
"COL23A1",1,3
"NDUFA11",2,2
"PTRH1",3,3
"KIF18B",3,2
"NRROS",3,1
"GATAD2A",3,3
"CPNE8",3,3
"GPSM1",3,1
"C2CD5",3,3
"MIB1",3,3
"RASAL3",3,3
"HRNR",3,3
"IRF2BP1",2,0
"H2AC21",3,3
"RIOX2",3,3
"RBM45",3,3
"CRLF3",3,0
"ARMC8",3,3
"TBC1D10C",3,3
"PLD3",3,0
"ERI1",3,3
"VRK3",3,3
"FMNL3",3,2
"MAP4K3",1,3
"CCDC50",3,3
"MCAT",3,2
"KSR1",2,1
"CEP97",3,2
"WDR75",3,3
"MAP7D3",3,3
"MGA",3,3
"ZC3H7A",3,3
"PHF6",3,3
"CHERP",3,3
"ANKHD1",3,3
"SUGP1",3,3
"SUGP2",3,3
"CCAR1",3,3
"DHX40",3,3
"DNAJC10",3,3
"PHC2",3,3
"BACC1",3,3
"MRPL41",2,3
"GPALPP1",3,3
"KLHL7",3,3
"PARP9",3,3
"RBM12B",3,3
"RPAP2",3,3
"PNPLA6",3,3
"SMC5",3,3
"DDX60",3,3
"DHX37",3,3
"AMOTL1",3,1
"RAVER1",3,3
"FTSJ3",3,3
"SLX4",3,3
"TMEM192",1,2
"CKAP2L",3,3
"SRRM1",3,3
"SMAP1",3,3
"SUPV3L1",2,1
"GSPT2",3,3
"SYTL1",3,3
"C1orf174",3,3
"TRIM22",2,0
"PM20D2",3,3
"MICU2",3,3
"TRMT2A",3,3
"ALDH16A1",2,1
"XRN1",3,3
"PELP1",3,3
"ABI1",3,3
"SELENOH",3,3
"ASPM",3,3
"RBIS",3,3
"RBFA",3,3
"SPART",3,3
"ZNF444",2,2
"SPICE1",2,3
"PUSL1",3,3
"MIER1",2,1
"RPTOR",3,3
"TMEM123",2,3
"ORMDL3",3,3
"CCAR2",3,3
"NUP93",3,3
"ZNF687",3,3
"REXO1",3,2
"CMTR1",3,3
"LRRC47",3,3
"INTS1",3,3
"ABHD12",3,3
"CLASRP",3,3
"GPD1L",2,1
"ASCC3",3,3
"EHBP1L1",0,3
"FNBP4",3,3
"GUF1",3,3
"NIN",3,3
"MINK1",1,2
"FBXL6",3,1
"ZCCHC9",3,3
"MPND",3,3
"ZGPAT",3,3
"SRBD1",3,3
"NKAP",3,3
"MACO1",3,3
"SH2D3C",3,3
"RPP25L",3,3
"MRPL50",3,1
"ZC3H8",3,3
"RNF10",2,2
"RFLNB",3,3
"MSL3",3,3
"CPSF7",3,3
"ARFGAP2",2,2
"OTUD6B",3,3
"METTL13",3,3
"ARFGAP1",3,2
"EMC1",3,3
"PAF1",3,3
"POM121L12",3,3
"UBR7",3,3
"CGAS",3,3
"DDX51",3,3
"PDCD7",3,3
"GPATCH11",3,3
"JMY",3,3
"C19orf47",3,3
"ASCC1",3,3
"SREK1IP1",3,3
"KRI1",3,3
"ZNF579",3,3
"PRPF38A",3,3
"AFG2A",3,3
"NHLRC2",2,1
"SLC43A3",3,3
"COLGALT1",2,2
"SUMF2",2,2
"UBAC2",3,3
"HSD17B11",3,3
"TXNDC5",3,3
"SCCPDH",2,2
"INO80E",3,3
"SERBP1",3,3
"LEMD2",3,3
"NOA1",3,3
"NECAP1",3,3
"FAM98A",3,3
"HJURP",3,3
"TSEN2",3,3
"NFATC2IP",1,2
"SPRYD3",3,3
"PDPR",3,3
"SMG8",3,3
"RNF214",3,3
"LSM14A",3,3
"CCNY",3,3
"BANK1",3,3
"TENT4B",3,2
"EHBP1",3,3
"RBM15B",3,3
"TNRC6A",3,3
"PSD4",3,3
"DIPK2A",3,3
"ABCF1",3,3
"PIK3C3",3,3
"SRFBP1",3,3
"NGDN",3,3
"DDHD1",1,2
"SHCBP1",3,3
"SUPT20H",3,3
"SDR9C7",1,3
"PPHLN1",3,3
"KMT2C",3,3
"LPCAT1",3,3
"DOCK8",3,3
"BOD1L1",3,3
"ARID1B",3,3
"NUP35",3,3
"CMAS",3,3
"TRIM58",3,2
"KNL1",3,3
"KDM2B",3,3
"DDX55",3,3
"THOC2",3,3
"WDR36",3,3
"KIF18A",3,3
"RP9",3,3
"VANGL1",3,3
"SNIP1",3,3
"GADD45GIP1",3,3
"WDR48",3,3
"EXOC6",3,3
"SMARCC2",3,3
"FAM76A",3,3
"KLHDC4",3,3
"ZCRB1",3,3
"ZCCHC10",2,3
"PIP4K2C",3,3
"TRMT10A",3,3
"TBC1D15",3,3
"RDH11",3,3
"STT3B",3,3
"PNPT1",3,3
"HM13",2,3
"NEK9",3,3
"CHD6",3,3
"GPT2",3,3
"DTX3L",3,3
"DDX54",3,3
"CABLES1",3,3
"BRIX1",3,3
"STK35",2,3
"NEK7",3,3
"DTD1",2,3
"UTP15",3,3
"DOT1L",3,3
"NUP210",3,3
"GEMIN5",3,3
"RAPGEF6",3,3
"PARD3",3,3
"IPO4",3,1
"PNISR",3,3
"UBASH3B",3,3
"DIS3L",3,3
"ZNF384",3,3
"NOC3L",3,3
"U2AF1L4",3,3
"ZC3H15",3,3
"PPIL4",3,3
"GTF3C2",3,3
"PHF10",3,3
"CCDC12",3,3
"PTPMT1",3,3
"NUP133",3,3
"PDCD6IP",3,3
"CACTIN",3,3
"GATAD1",3,2
"BRK1",3,3
"THEM6",2,3
"DEPDC1B",3,3
"BCL7C",3,3
"NSMCE1",3,3
"TRIM41",2,1
"MITD1",3,3
"CHTF18",3,3
"LEO1",3,3
"RNF138",3,3
"UQCC5",1,2
"SNRNP27",3,3
"TFB1M",3,3
"SCFD1",3,2
"TNFAIP8L1",3,3
"DYNC2I1",3,3
"POF1B",2,3
"FAR1",3,3
"PCNP",2,3
"LMO7",3,3
"CKAP2",3,3
"ATXN2L",3,3
"GAB3",3,3
"PRPF31",3,3
"NELFB",3,3
"SREK1",3,3
"GEMIN6",3,3
"ATRIP",0,2
"STON2",3,3
"PSPC1",3,3
"MADD",2,0
"GATAD2B",3,3
"DNAJC9",3,3
"BRI3BP",3,3
"BBX",3,3
"THAP4",3,3
"ING5",3,3
"SSH1",2,1
"DGCR8",3,3
"TTN",3,3
"KLHL6",2,3
"CLEC2B",2,3
"DDX1",3,3
"H1-10",3,3
"CCT6B",3,2
"RTF1",3,3
"TOPBP1",3,3
"MRPS27",3,3
"ELMO1",3,3
"WASF1",3,3
"BAP1",3,3
"AP3S1",3,3
"TSC1",3,3
"UBXN4",3,3
"PHF3",3,3
"HSPH1",3,3
"CNOT9",3,3
"DOCK2",3,3
"TBC1D5",3,3
"ZNF592",3,3
"MYO18A",3,3
"LARP4B",3,3
"GCN1",3,3
"ARHGAP45",3,3
"DHX38",3,3
"GTF3A",3,3
"MRPS31",3,3
"ANP32B",3,3
"PRCC",3,2
"TFG",3,3
"USP6NL",3,3
"ARPC1A",3,3
"GTF2H4",3,3
"RREB1",3,3
"HDAC2",3,3
"DPF2",3,3
"CREBBP",3,1
"KAT6A",3,3
"SYMPK",3,3
"TAF15",3,3
"GGH",3,3
"KAT2B",3,3
"JARID2",3,3
"INPP5D",3,3
"DDX17",3,3
"RAD50",2,2
"ARHGEF1",3,3
"ERCC4",3,3
"UFD1",2,2
"GLG1",3,0
"UPF1",3,3
"GPKOW",3,3
"MAP4K1",2,1
"SMARCC1",3,3
"SMARCD2",3,3
"RAB8B",2,2
"KHSRP",3,3
"GCDH",3,3
"TNPO1",2,3
"ARHGEF2",3,3
"EMG1",3,3
"USP13",2,1
"DVL3",2,2
"USP9X",2,2
"USP7",3,3
"CD101",3,1
"CUL5",3,3
"RBPMS",3,3
"SECISBP2L",2,2
"MED12",3,3
"H2AC6",3,3
"GTF3C6",3,0
"SMARCE1",3,3
"RNF34",1,3
"RPL36AL",3,3
"L3MBTL2",3,3
"NEIL2",3,3
"ZNF622",3,3
"NCLN",3,3
"ERGIC1",3,3
"UTP4",3,3
"CCDC47",3,3
"EXOC4",3,3
"MAGOHB",3,2
"FUBP1",3,3
"LRRC59",3,3
"NABP1",2,1
"VPS33A",3,3
"EME1",3,3
"ARK2N",2,2
"EXOSC8",3,3
"SH3KBP1",3,3
"PINX1",3,3
"TADA1",3,3
"CHCHD1",3,3
"PPWD1",3,3
"TESC",3,2
"ALKBH8",3,3
"TAMM41",3,3
"DOCK10",3,3
"EFHD2",3,3
"SYTL4",3,3
"PYCR2",3,3
"CUSTOS",3,3
"DCPS",3,3
"PPP1R14B",2,3
"INTS12",3,3
"NSUN4",2,3
"ZNF653",2,2
"RPUSD4",3,3
"EVI5L",1,3
"FAF2",3,3
"CCDC124",3,3
"FOXRED1",3,3
"AP2M1",3,3
"TUBGCP3",3,3
"NMD3",3,3
"REPS1",3,3
"ZG16B",3,2
"DNAJC19",3,3
"ESS2",3,3
"MSI2",3,3
"SNRNP40",3,3
"TBC1D31",3,3
"MTFMT",3,3
"ZBTB10",3,2
"RMI2",2,3
"THAP11",3,3
"GNPNAT1",2,0
"MRPS24",2,2
"CHFR",3,3
"DAZAP1",3,3
"SGF29",3,3
"RRP36",3,1
"RBM33",3,3
"DTNBP1",3,1
"DYNC2I2",3,3
"DNAJA3",3,3
"TMA16",3,3
"PTCD3",3,3
"ADAT3",3,3
"MCRS1",3,3
"CYFIP2",3,3
"CCDC97",3,3
"EDC3",3,3
"CDCA5",3,3
"DYNLL2",3,3
"GALNT14",1,2
"CPNE2",3,3
"SIPA1",3,1
"THOC1",3,3
"OTUB1",3,3
"TRMT61A",3,3
"CHMP6",3,3
"PGM2",2,2
"IMP4",3,3
"CERS2",2,3
"MED8",3,3
"DUS3L",3,3
"LTV1",3,3
"MRPL48",3,3
"SMARCD1",3,3
"TOE1",3,3
"DDX27",3,3
"ERO1A",3,3
"PRR11",3,3
"SENP5",2,1
"CDKN2AIPNL",3,3
"MED30",3,3
"NAF1",3,3
"PGAM5",3,3
"DIRAS2",3,3
"INTS4",3,2
"DDRGK1",3,3
"FUBP3",3,3
"RBM17",3,3
"NARS2",3,3
"REXO5",3,3
"LRCH3",3,3
"ZBED3",3,2
"ABHD14B",3,3
"ATP5MK",3,3
"RSRC1",3,3
"THOC3",3,3
"ITCH",3,3
"ABCC11",3,3
"VPS39",3,3
"VCPIP1",3,2
"SPG11",3,3
"TMX3",3,2
"DCAF5",2,0
"ZNF462",3,3
"CHAMP1",3,3
"L3MBTL3",3,3
"ZFP91",3,3
"PDLIM2",2,2
"FAR2",2,2
"BTF3L4",3,3
"SLC35E1",3,3
"ZNF668",3,3
"USP47",3,2
"CLPTM1L",2,2
"DNAJC1",3,3
"SCYL1",3,3
"ZNF512B",3,3
"EXOC2",3,3
"CNDP2",3,3
"EHMT2",3,3
"ZFR",3,3
"B3GALT6",3,3
"NSD1",3,3
"EP400",3,3
"CNOT6L",2,3
"RNPC3",3,3
"DRC1",0,2
"ZNF512",3,3
"NSMCE2",3,3
"NSMCE3",3,3
"TCEANC2",2,3
"YTHDC1",3,3
"TIGD1",3,3
"DNAAF10",3,3
"NOL4L",3,3
"ZNF714",3,3
"TTC14",3,3
"MBOAT7",2,0
"DOCK7",3,3
"SPATA13",3,3
"TSNARE1",1,2
"ANKRD27",3,3
"MUS81",3,3
"NSUN5",3,3
"AGAP3",3,3
"ARAP1",3,3
"SERPINB12",3,3
"IPO9",3,3
"INPP4A",1,2
"RBM14",3,3
"GBP5",1,2
"UHRF2",3,3
"NEDD4L",2,3
"QKI",3,3
"LENG8",3,3
"FAM193B",2,2
"PUS7",3,3
"FAM111A",3,3
"TMEM237",3,3
"ALKBH3",1,3
"KIF20B",3,3
"GSDMA",3,3
"PPP1R10",3,3
"FYTTD1",3,3
"ATAD5",3,3
"TEFM",3,3
"PRAM1",3,3
"VPS35",3,3
"PURB",3,3
"TRPM7",3,3
"PHF12",3,3
"SPAG5",3,3
"SNX18",3,3
"UIMC1",3,3
"MED15",3,3
"GFM1",3,3
"MCCC1",3,3
"TGS1",3,3
"NUDCD1",3,3
"ERBIN",3,3
"CTAGE1",3,3
"FNBP1",3,3
"METTL26",2,2
"TP53RK",3,3
"PIGS",2,2
"WRNIP1",3,3
"RANBP9",3,3
"CCNL2",3,3
"PLEKHF1",3,3
"PPP1R9B",3,3
"SRPK1",3,3
"SMC6",3,3
"STRBP",3,3
"GPX7",3,3
"FIZ1",3,3
"CDK5RAP2",3,3
"IWS1",3,2
"SIN3A",3,3
"OSBPL9",2,0
"CRBN",2,2
"CDK5RAP1",3,3
"SECISBP2",3,3
"RSF1",3,3
"RBM15",3,3
"PPP1R16B",1,2
"RUFY1",3,3
"SPEN",3,3
"PNKP",3,3
"MMS19",3,3
"UHRF1",3,3
"YME1L1",3,3
"TBCB",3,3
"SEC62",3,3
"PHOX2B",3,3
"CDC5L",3,3
"PSMD1",3,3
"SDF2",3,3
"PFDN5",3,3
"AGAP2",3,3
"RNF2",3,3
"PARK7",3,3
"H4C7",3,3
"DNAJC2",3,3
"MPHOSPH6",3,3
"MPHOSPH8",3,3
"MTERF1",1,2
"PKP4",3,3
"PIK3R4",2,2
"POP1",3,3
"SCAF11",3,3
"TSNAX",3,3
"EIF3C",3,3
"DNAJC7",3,3
"PHB2",3,3
"COPS8",3,3
"PRPF18",3,3
"CHP1",3,2
"KIF2C",3,3
"ATXN2",3,3
"HSD17B10",3,3
"HNRNPAB",3,3
"NAP1L4",3,3
"MGST2",3,3
"PIP5K1A",3,3
"ACO2",3,3
"TSG101",3,3
"CPNE1",3,3
"CCT7",3,3
"EBNA1BP2",3,3
"PRMT1",3,3
"H2BC13",3,3
"BAG1",3,3
"SH3GL1",3,3
"VRK1",3,3
"AKAP9",3,3
"NCAPG",3,3
"ARPC5L",3,3
"MICU1",3,3
"PAIP2",3,3
"MAPKAP1",3,3
"RBM4B",3,3
"DDX50",3,3
"MRPL34",3,3
"ELAC2",3,2
"TRIR",3,3
"GRWD1",3,3
"MACROD1",3,3
"TCF25",3,3
"CMSS1",3,3
"WDR77",3,3
"MRPL57",3,3
"TUBA1C",3,3
"APOL2",3,0
"MYBBP1A",3,3
"BUD13",3,3
"CPPED1",2,1
"MRPL45",1,2
"CHLSN",3,3
"NUDT16L1",3,3
"SRSF8",3,3
"PDCD2L",3,3
"PYM1",3,3
"GPATCH1",3,3
"RIOK1",3,3
"LLPH",3,3
"UTP23",3,3
"WDR83",3,3
"TRIM56",3,3
"ERP44",3,3
"NOL10",3,3
"NTPCR",3,3
"AGMAT",2,3
"TIMM29",3,2
"TUBGCP2",3,2
"MTNAP1",3,3
"ESYT1",3,3
"CCM2",3,2
"TSEN34",3,3
"CNPY3",3,3
"HAUS8",3,3
"COPS4",2,3
"SYT11",3,3
"DIDO1",3,3
"MTA3",3,3
"RBM42",3,3
"MCMBP",2,2
"AARSD1",1,3
"ANP32E",3,3
"MED10",3,3
"TMEM43",3,3
"CABLES2",3,3
"HGH1",3,3
"NDUFAF3",3,3
"MMTAG2",3,3
"DOHH",1,2
"ADAT1",3,1
"MED18",3,3
"PAXX",2,1
"POLR3C",3,3
"HNRNPUL1",3,3
"PHF23",2,3
"PDCD10",3,2
"DDX23",3,3
"WRAP53",3,3
"WDR18",3,3
"ADI1",3,3
"CEP250",1,2
"NTMT1",3,2
"SNRNP25",3,3
"KATNB1",2,2
"DSCC1",3,3
"TMEM109",2,3
"NOC4L",3,3
"UTP14A",3,3
"TMED9",3,3
"DPCD",3,3
"GNL3",3,3
"AFG2B",3,3
"RIOK2",3,3
"KIFC1",3,3
"ELOVL1",3,2
"HIRIP3",3,3
"TARS2",3,3
"ACAT2",2,0
"REPIN1",3,3
"RBM4",3,3
"SCNM1",1,2
"SF3B5",3,3
"SFXN3",3,3
"PAPOLG",3,3
"SLC4A1AP",3,3
"GTPBP2",1,3
"LSM14B",3,3
"TBC1D10A",3,3
"NAA15",3,3
"KLF16",3,3
"SRRT",3,3
"QTRT1",2,1
"AP1M1",3,3
"NUSAP1",3,3
"HDHD5",3,3
"MAK16",3,3
"SCAPER",3,3
"RTF2",2,2
"EIF2A",3,3
"POLDIP3",3,3
"SHANK3",3,3
"GNB1L",2,0
"MRPL20",2,3
"MRPL13",3,3
"MRPL9",3,3
"MRPL4",3,3
"MRPL1",3,3
"PCGF6",3,3
"NIFK",3,3
"YTHDF1",3,3
"MRPS26",3,3
"SETD2",3,3
"NSD3",3,3
"MRPL37",2,2
"PUS3",3,3
"GTPBP4",3,3
"OSBPL8",3,3
"OSBPL7",3,3
"RAB34",0,2
"WDR11",3,3
"UPF3B",3,3
"CRNKL1",3,3
"TBL1XR1",3,3
"UBL5",3,3
"PPP1R12C",3,3
"PRKD2",3,3
"NIBAN1",2,2
"UCK2",3,3
"API5",3,3
"DPY30",3,3
"INO80B",3,3
"SETD5",2,1
"UNK",3,3
"ZDHHC5",3,3
"TNKS1BP1",3,3
"LNPK",3,2
"ZNF407",1,2
"WDR33",3,3
"WDR12",3,3
"NDEL1",3,3
"PITHD1",3,2
"REXO4",3,3
"DDX24",3,3
"POLR1E",3,3
"SKIC8",3,3
"SLIRP",3,3
"NIF3L1",2,1
"PSME3IP1",3,2
"LAT2",3,3
"UBA5",3,1
"MKRN2",3,3
"TMEM126A",3,3
"PAIP1",3,3
"CLPB",3,3
"LSG1",3,3
"NAT10",3,3
"KLC2",2,1
"ILKAP",3,3
"XRN2",3,3
"TOLLIP",3,3
"SAP130",3,3
"NSRP1",3,3
"RACGAP1",3,3
"PARP12",3,3
"PUS7L",3,3
"CSTF2T",3,3
"NT5C3A",3,3
"DDX47",3,3
"MAGT1",3,3
"RAB1B",3,3
"TSPYL1",3,3
"BKGD",3,3
"DNTTIP1",3,3
"ING2",3,3
"ANAPC1",3,3
"POLR3F",3,2
"NUCKS1",2,2
"ASCC2",3,3
"UPF3A",3,3
"DNAJC25",2,3
"MED28",3,3
"EHD4",3,3
"VPS16",3,3
"SH3BGRL3",3,3
"SLK",3,3
"TSPYL2",2,3
"PPIL3",3,3
"TAOK3",3,3
"ADNP",3,3
"DHX36",3,3
"SPNS1",2,3
"MRPL46",3,3
"ZNF106",3,2
"PNN",3,3
"CRISPLD1",3,3
"PABPC3",3,2
"GGNBP2",3,1
"KCTD10",3,0
"MTRFR",3,3
"TMX1",3,3
"NELFA",3,3
"ACBD3",3,3
"UNC45A",3,3
"CHMP4B",3,3
"WNK1",3,3
"DEF6",3,3
"FAM83D",3,3
"MTG2",0,2
"SENP3",3,3
"OSBPL3",3,3
"EHD1",3,3
"RNF41",3,3
"ESF1",3,3
"ZNF644",3,3
"TAF1D",3,3
"RABEP2",3,3
"ZCCHC4",3,1
"STEEP1",3,3
"DHX35",3,3
"DENND2D",2,2
"TUT1",3,3
"CCDC86",3,3
"REEP4",3,3
"TASP1",3,3
"DHX33",3,3
"NOL6",3,3
"YTHDC2",3,3
"RPAP3",3,3
"RANBP3",2,3
"RPF2",3,3
"SMYD3",3,3
"WDR26",3,3
"TDRD3",3,3
"C8orf33",3,3
"METTL17",3,3
"SCAF1",3,3
"NRDE2",3,3
"KAT8",3,3
"PHAX",3,2
"METTL8",3,3
"GEMIN7",0,2
"YY1AP1",3,3
"KAT14",1,2
"CAAP1",3,3
"NOL11",3,3
"DDX31",3,3
"BRD9",3,3
"ECT2",3,3
"FAM204A",2,1
"PLEKHF2",3,3
"ANKZF1",3,3
"SLC25A22",3,3
"MED20",3,3
"WDR76",3,3
"ACTR8",3,3
"CNOT10",3,3
"LRRC40",3,3
"EHMT1",3,3
"SFXN1",3,3
"ACTR5",3,3
"AGO3",3,3
"VPS37B",3,3
"MRPL44",3,3
"USP42",3,3
"ISG20L2",3,3
"KANSL2",3,3
"RPF1",3,3
"POLR1B",3,3
"FN3KRP",3,3
"MEAF6",3,3
"NMNAT1",3,2
"PLEKHA5",3,3
"UPF2",3,3
"GNB4",3,3
"CLSPN",3,3
"PLEKHA2",3,3
"SP110",3,3
"CACYBP",3,3
"RC3H2",3,3
"PATZ1",3,3
"IL21",2,1
"RHOF",3,3
"PARVG",2,3
"TAF9B",3,3
"TMEM165",2,1
"APOBEC3G",3,3
"SLC25A19",3,3
"EML4",3,1
"MRM3",3,3
"GLOD4",2,2
"GPBP1L1",0,2
"CBX8",3,3
"CPAP",3,3
"NEK6",3,1
"MCCC2",3,3
"NCOA5",3,3
"MOV10",3,3
"CWC22",3,3
"MSL2",3,3
"TNRC6C",3,3
"RAVER2",3,3
"CHD8",3,3
"EPB41L5",3,3
"GPN1",3,3
"SDF2L1",3,3
"XAB2",3,3
"PREB",3,3
"BRMS1",3,1
"S100A14",2,3
"MRPL47",3,3
"WDR6",3,3
"SINHCAF",3,2
"ZCCHC17",3,3
"HMG20A",3,3
"RAB18",3,3
"VTA1",2,1
"SARS2",3,3
"DYNLRB1",3,3
"ENY2",3,3
"MYNN",3,1
"EXOSC4",3,3
"NOP10",3,3
"OSGEP",3,3
"DMAP1",3,3
"UBN1",3,3
"TMEM138",2,3
"BRD7",3,3
"DCP1A",3,1
"MED4",3,3
"TIMMDC1",3,3
"RIC8A",2,0
"LUC7L",3,3
"MRPL40",3,3
"PPAN",3,3
"TCF7L2",3,1
"RTN4",3,3
"RPRD1B",3,3
"INCENP",3,3
"EXOSC5",3,3
"EXOSC3",3,3
"KIF13B",3,3
"PRDM10",3,3
"ANLN",3,3
"GPHN",3,3
"UTP3",3,3
"ZC4H2",3,3
"DIABLO",2,2
"DDX21",3,3
"NANS",2,1
"EIF2B3",3,3
"MBNL1",3,3
"FBXO6",0,2
"POLE3",3,3
"AAAS",1,2
"ABCB10",3,3
"BAZ1A",3,3
"LATS2",3,3
"AASDHPPT",3,3
"DROSHA",3,3
"APOBEC3C",3,3
"PNO1",3,3
"PHPT1",3,3
"HELLS",3,3
"TOMM22",3,3
"LANCL2",3,3
"KIF15",3,3
"RAD18",2,1
"ZNF275",2,2
"FARSB",3,3
"IARS2",3,1
"SLX9",3,3
"SAMSN1",3,1
"BMP2K",3,3
"PDS5B",3,3
"SMC4",3,3
"SACM1L",3,3
"OLA1",3,3
"ECHDC1",3,3
"RBM12",3,3
"TBC1D22B",3,2
"MDN1",3,2
"ZCCHC3",3,3
"PDRG1",3,3
"STAU2",3,3
"SHFL",3,3
"DDX28",3,3
"LMBRD1",2,0
"AGPAT5",3,3
"TXLNG",3,3
"ABCF3",3,3
"CYRIB",3,3
"DDX19A",3,3
"TDP1",3,3
"DCAF13",3,3
"IMP3",3,3
"MRGBP",3,3
"EXOC1",3,3
"SEPTIN11",3,3
"MED17",3,3
"USP40",3,3
"PANK4",2,2
"FBXO28",3,3
"EXD2",3,3
"DNAJC11",3,3
"ATAD3A",3,3
"FGFR1OP2",3,3
"INTS13",3,3
"GNL3L",3,3
"DDX18",3,3
"ASF1B",3,3
"POLR3E",3,3
"SDAD1",3,3
"MTPAP",3,3
"NLE1",3,1
"NECAP2",3,3
"POLR3B",3,3
"RBM28",3,3
"RBM22",3,3
"GPATCH2",3,3
"WDR70",3,3
"MED9",3,3
"ARGLU1",3,3
"SLTM",3,3
"ZNHIT6",3,3
"GPATCH2L",3,3
"PAG1",3,3
"PIH1D1",3,3
"PAK1IP1",3,3
"AURKAIP1",3,3
"GID8",3,3
"BABAM1",3,3
"CLN6",3,2
"IRAK4",3,1
"GEMIN8",3,3
"TMEM160",3,3
"MRPL16",3,3
"NHP2",3,3
"OCIAD1",3,3
"HYPK",3,3
"LYAR",3,3
"CHCHD3",3,3
"MED29",3,3
"DUS2",3,3
"CMTM6",3,3
"GFOD1",2,0
"SMPD4",3,1
"CWC25",3,3
"TEX10",3,3
"THUMPD1",3,3
"TOR4A",3,3
"TRMT1",3,3
"BABAM2",3,3
"QPCTL",3,3
"CDKN2AIP",3,3
"DNAJB12",3,3
"NSMCE4A",3,3
"GAR1",3,3
"STAB1",3,3
"PPP4R2",3,1
"DPP3",3,3
"CLDND1",0,3
"AATF",3,3
"DDX56",3,3
"TERF2IP",3,3
"ABI2",2,0
"BCLAF1",3,3
"UTP6",2,2
"TAB2",3,3
"MRPL39",1,3
"MAP3K20",3,0
"FKBP11",3,3
"TMOD3",3,3
"ELOVL5",3,3
"NKIRAS2",2,0
"UGGT1",3,3
"CDK12",3,3
"C9orf78",3,3
"FAM120A",3,3
"SMARCAL1",3,3
"GLTP",2,3
"UBP1",0,2
"SACS",3,2
"MTCH1",3,1
"ITSN2",3,3
"BICRA",3,3
"NOP53",3,3
"CNOT2",3,3
"TMOD2",3,3
"CALML5",3,3
"OGFR",3,3
"PALS2",2,2
"CWC15",3,3
"MRPL15",3,3
"THYN1",3,3
"CCDC59",3,3
"NDUFAF4",3,3
"HACD3",3,3
"MED11",3,3
"CCDC167",3,2
"NDUFA13",3,3
"KCMF1",2,3
"RAI14",3,3
"VAPA",3,3
"AKAP7",3,3
"ZNF581",1,2
"TOMM7",2,2
"CXXC1",3,3
"ABRACL",3,3
"PHRF1",3,3
"CEP72",2,1
"CCDC88C",2,3
"ZFAT",3,3
"STIM2",3,3
"RCC2",3,3
"DIP2B",3,3
"SLAIN2",2,3
"USP36",3,3
"BAHCC1",3,3
"BCCIP",3,3
"IBTK",3,3
"CHD7",3,3
"CHPF2",3,3
"PCDH10",3,3
"RRBP1",3,3
"CPSF2",3,3
"LARS1",3,3
"RCOR3",3,2
"MYEF2",3,3
"EIF2AK4",3,3
"RBM27",3,3
"KANSL3",3,3
"FRMD4A",3,2
"SUCLA2",3,3
"WRAP73",2,3
"ATXN10",3,3
"MBD2",3,3
"NCDN",1,2
"TFIP11",3,3
"NFKBIL1",3,3
"EPS15L1",3,3
"DNMT3B",3,3
"SAE1",3,3
"COPG2",3,3
"UXT",3,3
"ASH2L",3,3
"DHCR7",3,3
"METTL1",3,3
"GULP1",3,3
"EIF3K",3,3
"GRHPR",3,2
"RPS6KB2",3,3
"DNAJB11",3,3
"UBA2",3,3
"MORF4L1",3,3
"NXF1",3,3
"ZMYM2",3,3
"SLC25A10",3,3
"CLIP2",3,3
"TJP2",3,3
"DAXX",3,3
"FTSJ1",3,3
"VTI1B",3,3
"LRWD1",3,2
"CGGBP1",3,3
"ABCF2",3,3
"DMBT1",1,3
"PARP2",3,3
"LIMD1",3,1
"SEC63",3,3
"ZC3H7B",3,3
"HMGXB4",3,3
"NOL12",3,3
"SRRD",3,3
"ARMCX3",2,0
"SWAP70",3,3
"SUN2",3,3
"RSL24D1",3,3
"LIMA1",3,3
"AFF4",3,3
"SRP68",3,3
"CHORDC1",3,3
"TBK1",3,2
"TRPS1",3,3
"DDX20",3,3
"NUFIP1",3,3
"DPP7",2,1
"CYB5R1",2,3
"SAP30BP",3,3
"MED13",3,3
"PFDN2",3,3
"GPN3",2,2
"PUF60",3,3
"EVL",3,3
"EIF2B4",3,3
"ATP6V1H",3,3
"TRMT112",3,3
"CPA4",3,3
"MRM2",2,1
"XPO7",3,0
"VPS51",2,2
"BAZ2B",3,3
"BAZ2A",3,2
"BAZ1B",3,3
"HERC5",3,3
"CNOT7",3,3
"NAGK",3,3
"MCM8",3,3
"TRMT6",3,3
"SLC25A13",3,3
"TUBE1",2,2
"LEF1",3,3
"DBNL",3,3
"DDX41",3,3
"CDC23",3,3
"ANAPC7",3,3
"ANAPC5",1,2
"STOML2",3,3
"VPS28",3,2
"ING1",2,2
"CCNL1",3,3
"DBR1",3,3
"TASOR",3,3
"MRTO4",3,3
"TNIK",3,3
"CPSF3",3,3
"APPL1",2,3
"TLK1",3,2
"GPATCH8",3,3
"NUDT5",3,3
"RCOR1",3,3
"RALY",3,3
"GTF3C4",3,3
"FBXO5",3,0
"ACIN1",3,3
"AGO2",3,3
"NUP50",3,3
"ZHX1",3,3
"CDV3",2,3
"CNOT11",3,3
"INTS6",3,3
"BAG5",3,3
"AGO1",3,3
"RAB21",3,3
"TRAPPC2L",2,3
"ZNF346",3,3
"PSME2",3,3
"TAOK2",3,3
"MKLN1",2,1
"MCTS1",3,3
"INO80",3,3
"CCPG1",3,3
"ZBTB21",3,3
"MED23",3,3
"PRR12",3,3
"PLEKHH1",3,3
"YEATS2",3,3
"TBC1D24",2,1
"ISY1",3,3
"HECTD1",3,3
"ZMYND8",3,3
"CIZ1",3,3
"CORO1C",3,3
"TPX2",3,3
"ABT1",3,3
"NOB1",3,3
"AKAP8L",3,3
"TMCO1",3,3
"FZR1",3,3
"PRPF19",3,3
"UBQLN1",2,3
"NOL7",3,3
"VPS4A",3,3
"SOX13",3,3
"G3BP2",3,3
"STUB1",3,3
"SNX6",3,3
"SSR3",3,3
"PSMD13",3,2
"FAF1",3,3
"PPIE",3,3
"DIMT1",3,3
"COPS3",3,3
"RPL26L1",3,3
"WDR3",3,3
"TTF2",3,3
"NSFL1C",3,3
"C19orf53",3,3
"MACF1",3,3
"CEP131",3,3
"SCAF8",3,3
"PPP6R1",3,3
"PHF8",3,3
"AGAP1",3,3
"TNRC6B",3,3
"PLCL2",2,2
"ANKRD26",2,0
"EXOC7",3,3
"ZC3H4",3,3
"FOXJ3",3,2
"AGTPBP1",3,3
"DICER1",3,3
"SHOC2",3,3
"DNM3",3,2
"SRRM2",3,3
"PA2G4",3,3
"SPG7",1,2
"SMC3",3,3
"ZNF148",3,3
"MTMR6",3,3
"NIP7",3,3
"RTRAF",3,3
"TRAF3IP3",3,3
"RUVBL2",3,3
"CDYL",3,3
"HIGD1A",3,3
"HPSE",3,1
"EIF3L",3,3
"PLAA",3,3
"RUVBL1",3,3
"NUDC",3,3
"VDAC3",3,3
"FARSA",3,3
"ASF1A",3,3
"DRG1",3,3
"NCKAP1",3,3
"CNPY2",2,2
"EXOG",3,3
"ICE1",3,3
"WDR37",3,3
"SIK3",3,3
"DIS3",3,3
"LRCH1",3,3
"RCL1",3,3
"MRPS28",3,3
"PTPN22",3,2
"DDX52",3,3
"MRPS17",3,3
"MRPS7",3,3
"POLDIP2",0,3
"AP3M1",3,3
"LEMD3",3,3
"CARHSP1",3,3
"THRAP3",3,3
"WBP11",3,3
"MED16",3,3
"NOP58",3,3
"GIT1",3,3
"ZNF281",3,3
"KLF13",3,3
"SUGT1",3,3
"MTO1",3,3
"YARS2",3,1
"ACOT9",3,3
"AAR2",3,2
"NOSIP",3,3
"DERA",3,1
"TMX2",3,3
"FCF1",3,3
"LSM2",3,3
"LUC7L2",3,3
"RBMX2",3,3
"UTP11",3,2
"MOB4",2,1
"RRP7A",3,3
"EXOSC1",3,2
"SF3B6",3,3
"MRPL11",3,3
"REXO2",3,3
"RRP15",3,3
"NOP16",3,3
"PPIL1",3,3
"MED31",3,3
"CIAO2B",2,0
"PAM16",3,3
"MRPS23",3,3
"PTRH2",3,3
"STRAP",3,3
"RTCB",3,3
"R3HCC1",2,3
"NOC2L",3,3
"RPL36",3,3
"CCDC9",3,3
"CHTOP",3,3
"FAM32A",3,3
"KNSTRN",3,3
"HBS1L",3,3
"MTF2",3,3
"TLN1",3,3
"JRKL",3,3
"TRRAP",3,3
"RBM19",3,3
"HECTD4",3,2
"ZNF451",3,3
"MARF1",3,3
"RIPOR2",3,3
"MYO5A",3,3
"MAP4K5",3,2
"HYOU1",3,3
"ATG4B",3,3
"TBL2",3,3
"TELO2",2,2
"LAS1L",3,3
"AFG3L2",3,3
"LSM5",3,3
"LSM4",3,3
"SAMM50",3,2
"PRRC2C",3,3
"POLR3H",3,3
"PPME1",3,3
"ASB3",3,3
"RBM7",3,3
"AP4S1",3,3
"NUB1",3,3
"YTHDF2",3,3
"PAXBP1",3,3
"SUPT16H",3,3
"UTP18",3,3
"TIMM8B",3,3
"UCHL5",3,3
"CD2AP",3,3
"TIMM13",3,3
"SRPRB",3,3
"GTF3C5",3,3
"GTF3C3",3,3
"RBM8A",3,3
"USP16",3,3
"TSSC4",3,3
"MAGED1",3,3
"SNX8",3,3
"SNX5",3,3
"HCFC2",3,1
"PUS1",3,3
"LRRFIP2",3,3
"FHOD1",3,3
"PSAT1",2,3
"NCOR2",3,3
"MRPS18B",3,3
"COPG1",3,3
"AUP1",3,3
"NFS1",3,3
"CFAP20",3,3
"TACC3",3,2
"EMILIN1",3,3
"MTCH2",3,3
"MAD1L1",3,3
"STK24",1,2
"BZW2",3,3
"DYNC1LI1",3,3
"EPN1",2,2
"CABIN1",3,3
"TAF6L",3,3
"OAS3",3,3
"IKBKG",3,3
"IGF2BP2",3,3
"CSNK1G3",3,3
"NDUFB9",3,3
"MAP3K4",3,3
"CCDC61",3,2
"DDX49",3,3
"CAPN7",3,3
"WASF2",3,3
