"Protein","rPAL_detected","Sial_rPAL_detected","MAR_values_imputed","MNAR_values_imputed"
"TMA7B",3,2,1,0
"ESYT2",3,3,0,0
"MED19",3,3,0,0
"IGLC7",2,1,1,2
"ARHGAP10",3,3,0,0
"HACL2",2,3,1,0
"PLEKHG3",3,3,0,0
"ANKRD18B",3,3,0,0
"PIPSL",3,3,0,0
"NBAS",0,2,1,3
"TARS3",3,3,0,0
"DENND3",3,3,0,0
"VWA8",3,3,0,0
"SBNO1",3,3,0,0
"GTPBP10",3,3,0,0
"CTAGE9",3,2,1,0
"POTEF",2,1,1,2
"CNOT1",3,3,0,0
"GOLGA8O",3,3,0,0
"RBMY1B",3,3,0,0
"ZNF316",3,3,0,0
"TCAF2",3,3,0,0
"DDTL",2,1,1,2
"SMCHD1",3,3,0,0
"METTL15",3,3,0,0
"UNCX",3,3,0,0
"CCDC85C",3,3,0,0
"POM121C",3,3,0,0
"A2ML1",3,3,0,0
"PHF20L1",3,3,0,0
"SNRPGP15",3,3,0,0
"TTC34",3,3,0,0
"MYO1G",3,3,0,0
"MYO9A",3,3,0,0
"TDRD15",3,3,0,0
"NACA",3,3,0,0
"C11orf98",3,3,0,0
"CNK3/IPCEF1",2,3,1,0
"GOLGA8T",3,2,1,0
"AGPS",3,3,0,0
"KIF2A",3,3,0,0
"DDX39A",3,3,0,0
"ACOT7",2,2,2,0
"MYO1C",3,3,0,0
"SNAP23",3,3,0,0
"HAX1",2,2,2,0
"AIP",3,3,0,0
"GTPBP1",3,3,0,0
"SMAP",3,3,0,0
"RAB27B",3,3,0,0
"AP3B1",3,3,0,0
"NDUFS8",3,3,0,0
"PSMD11",3,3,0,0
"PSMD12",3,2,1,0
"PSMD9",1,3,0,2
"MEN1",3,3,0,0
"CBX4",3,3,0,0
"SUPT5H",3,3,0,0
"TAF4",3,3,0,0
"CLIC1",3,3,0,0
"EIF3F",3,3,0,0
"WWP2",3,2,1,0
"CDC7",3,3,0,0
"IPO5",3,3,0,0
"POLRMT",3,3,0,0
"EEF2K",3,1,0,2
"SAP18",3,3,0,0
"DNM1L",3,3,0,0
"RTCA",2,2,2,0
"GOLIM4",3,2,1,0
"PLOD2",3,3,0,0
"EXOC5",3,3,0,0
"HMGN4",3,3,0,0
"COXFA4",3,3,0,0
"PSMD14",3,3,0,0
"ZNF593",3,3,0,0
"BIN1",2,2,2,0
"KPNA3",3,3,0,0
"STK25",3,3,0,0
"KRIT1",3,3,0,0
"PES1",3,3,0,0
"EBAG9",2,3,1,0
"SDCBP",3,3,0,0
"MPHOSPH10",3,3,0,0
"NOP56",3,3,0,0
"DDX3X",3,3,0,0
"KPNA4",3,3,0,0
"E2F3",2,3,1,0
"PPP6C",3,3,0,0
"SCD",3,3,0,0
"ARID1A",3,3,0,0
"CDK2AP1",2,2,2,0
"TRAFD1",3,0,0,3
"COX7A2L",2,1,1,2
"UBFD1",2,0,1,3
"CIT",3,3,0,0
"COPE",3,3,0,0
"EIF1AY",3,3,0,0
"UTY",3,3,0,0
"AP3D1",3,3,0,0
"ABLIM1",3,3,0,0
"DVL1",2,2,2,0
"CHD1",3,3,0,0
"CHD2",3,3,0,0
"ADAM10",3,2,1,0
"EI24",2,0,1,3
"ITGB1BP1",2,0,1,3
"MAP2K7",3,3,0,0
"PDCD5",2,3,1,0
"PRMT5",3,3,0,0
"NHERF1",3,3,0,0
"CHEK1",3,3,0,0
"TPP1",3,3,0,0
"TCERG1",3,3,0,0
"TNPO2",3,3,0,0
"POLR3A",3,3,0,0
"PSMA7",3,3,0,0
"SCAMP3",3,3,0,0
"MGST3",3,3,0,0
"GEMIN2",3,3,0,0
"IKBKB",3,3,0,0
"TIMM23",3,3,0,0
"HAT1",3,3,0,0
"UBE2L6",2,0,1,3
"UQCRQ",3,3,0,0
"MYL12B",3,3,0,0
"AURKA",3,3,0,0
"PPP1R12A",3,3,0,0
"SLC27A2",3,3,0,0
"GAK",3,3,0,0
"HNRNPDL",3,3,0,0
"XPO1",3,3,0,0
"ZNF609",3,3,0,0
"MAST4",3,2,1,0
"SEC16A",3,3,0,0
"U2SURP",3,3,0,0
"SETD1A",3,3,0,0
"PFAS",3,3,0,0
"ANKRD28",3,3,0,0
"LSM1",3,3,0,0
"DEGS1",3,2,1,0
"SCAMP1",3,1,0,2
"ARPC1B",3,3,0,0
"ARPC2",3,3,0,0
"ARPC3",3,3,0,0
"POLR1C",3,3,0,0
"CETN3",3,3,0,0
"PFDN6",3,3,0,0
"WDR46",3,2,1,0
"NKRF",3,3,0,0
"CASC3",3,3,0,0
"MRPS12",3,3,0,0
"RER1",3,3,0,0
"SURF4",3,3,0,0
"ATXN7",3,3,0,0
"SPTLC1",3,3,0,0
"SPTLC2",3,2,1,0
"OGT",3,3,0,0
"POLR3G",3,3,0,0
"INPP4B",3,3,0,0
"HMGB3",3,3,0,0
"PPM1G",3,3,0,0
"EIF3D",3,3,0,0
"EIF3H",3,3,0,0
"HDAC3",0,2,1,3
"NVL",3,3,0,0
"STX7",2,0,1,3
"TNRC18",3,3,0,0
"POLR1G",3,3,0,0
"NUP42",3,3,0,0
"ARPC5",3,3,0,0
"POLR2D",2,2,2,0
"DDX3Y",3,3,0,0
"TAPBP",3,3,0,0
"KCNN4",3,3,0,0
"DHX15",3,3,0,0
"RNMT",3,3,0,0
"RRP8",2,2,2,0
"PJA2",3,3,0,0
"CYB5B",2,1,1,2
"PRPF4",3,3,0,0
"PHGDH",2,3,1,0
"DYNC1LI2",3,1,0,2
"PSMD3",3,3,0,0
"RBFOX2",3,3,0,0
"PAPSS1",1,2,1,2
"ZW10",3,3,0,0
"SART1",3,3,0,0
"DAPK3",3,3,0,0
"CCP110",3,3,0,0
"MTSS1",3,3,0,0
"PPIP5K2",3,3,0,0
"MAP3K7",1,2,1,2
"EEF1E1",3,3,0,0
"WDR62",3,3,0,0
"HNRNPR",3,3,0,0
"PRPF3",3,3,0,0
"TXNL1",3,3,0,0
"TPD52L2",3,3,0,0
"THAP12",3,3,0,0
"FIBP",3,3,0,0
"PPIH",3,3,0,0
"EPB41L2",3,3,0,0
"MED7",3,3,0,0
"TGM5",3,3,0,0
"DENR",3,3,0,0
"TIMM44",3,3,0,0
"TRAPPC3",3,2,1,0
"NCK2",2,3,1,0
"PLRG1",3,3,0,0
"PRC1",3,3,0,0
"ZNF207",3,3,0,0
"GET3",3,1,0,2
"BUB3",3,3,0,0
"ACTN4",3,3,0,0
"BUD23",3,3,0,0
"HTATSF1",3,3,0,0
"ITM2A",3,3,0,0
"SGTA",3,3,0,0
"NARS1",3,3,0,0
"MYO1B",3,3,0,0
"NUDT21",3,3,0,0
"LANCL1",3,3,0,0
"STRN",3,3,0,0
"RRP9",3,3,0,0
"AKAP8",3,3,0,0
"GTPBP6",3,3,0,0
"IDH3B",3,3,0,0
"AHCYL1",3,3,0,0
"RAD21",3,3,0,0
"DHX16",3,3,0,0
"ZNRD2",3,3,0,0
"GMFG",3,3,0,0
"MED14",3,3,0,0
"SMARCA5",3,3,0,0
"ZNF292",3,3,0,0
"ZFC3H1",3,3,0,0
"AQR",3,3,0,0
"OPA1",3,3,0,0
"PIP5K1C",3,3,0,0
"KDM1A",3,3,0,0
"TBC1D4",3,3,0,0
"FADS1",3,3,0,0
"PPL",1,3,0,2
"ACSL4",3,2,1,0
"STX10",2,1,1,2
"SYNCRIP",3,3,0,0
"CDC40",3,3,0,0
"NEMF",3,3,0,0
"GMDS",3,3,0,0
"NMT2",3,3,0,0
"CCNT1",3,3,0,0
"PLOD3",3,2,1,0
"EIF4E2",3,2,1,0
"DIAPH1",3,3,0,0
"EXOC3",3,3,0,0
"JAK2",2,3,1,0
"KPNA6",3,3,0,0
"LPXN",3,3,0,0
"CTNND1",3,3,0,0
"CYTIP",3,3,0,0
"HPGDS",3,3,0,0
"DPM1",3,3,0,0
"USO1",2,3,1,0
"MRPS14",3,3,0,0
"TOM1",3,2,1,0
"PQBP1",3,3,0,0
"DKC1",3,3,0,0
"EIF5B",3,3,0,0
"EDF1",2,3,1,0
"KIN",3,3,0,0
"DIAPH2",3,1,0,2
"DNAJA2",3,3,0,0
"BRD4",3,3,0,0
"CUTA",2,2,2,0
"TBL1X",3,3,0,0
"NBN",3,3,0,0
"KIF21B",2,1,1,2
"SRGAP2",3,3,0,0
"CBFA2T3",2,1,1,2
"WDR1",3,3,0,0
"ROCK2",3,3,0,0
"CLASP2",3,3,0,0
"CPNE3",3,3,0,0
"RNF40",3,3,0,0
"PHF2",3,3,0,0
"ZC3H11A",3,3,0,0
"CLUH",3,3,0,0
"DNAJC13",3,3,0,0
"CNOT3",3,3,0,0
"ANKRD17",3,3,0,0
"SIN3B",3,3,0,0
"DNAJB6",3,3,0,0
"GGCT",3,3,0,0
"NDUFS7",3,3,0,0
"NDUFS2",3,3,0,0
"DUSP11",3,3,0,0
"NIPSNAP2",3,3,0,0
"HMMR",3,3,0,0
"PDCD6",3,3,0,0
"ALOX12B",0,2,1,3
"TBCA",3,3,0,0
"ATP6V1G1",3,3,0,0
"VPS4B",3,2,1,0
"MACROH2A1",3,3,0,0
"SH3BGRL",2,1,1,2
"FLNB",3,3,0,0
"NCOR1",3,3,0,0
"SLC43A1",3,0,0,3
"CS",3,3,0,0
"MRPL33",3,3,0,0
"SEC22B",3,3,0,0
"PRPF40A",3,3,0,0
"TACC1",3,1,0,2
"PMPCB",3,3,0,0
"MED24",3,3,0,0
"PSIP1",3,3,0,0
"ERLIN1",3,3,0,0
"SUPT3H",3,3,0,0
"NDUFS3",3,3,0,0
"SRSF10",3,3,0,0
"ECI2",3,2,1,0
"TADA3",3,3,0,0
"TAF5L",3,3,0,0
"EED",3,3,0,0
"BANF1",3,2,1,0
"SF3B1",3,3,0,0
"CSDE1",3,3,0,0
"SKAP2",3,3,0,0
"PRKRA",3,3,0,0
"MED6",3,3,0,0
"MYCBP2",3,3,0,0
"NPM3",3,3,0,0
"LYPLA1",3,3,0,0
"ERAL1",3,3,0,0
"SERPINB7",3,3,0,0
"SNRNP200",3,3,0,0
"TRMU",3,3,0,0
"TIPRL",3,3,0,0
"RPS6KA4",3,3,0,0
"SURF6",3,3,0,0
"UTP20",3,3,0,0
"NUP155",3,3,0,0
"WDHD1",3,3,0,0
"SLC25A12",3,3,0,0
"GRAP2",3,3,0,0
"RNASEH2A",3,3,0,0
"CDC123",3,3,0,0
"POP7",3,3,0,0
"RPP40",3,3,0,0
"EIF3G",3,3,0,0
"EIF3J",3,3,0,0
"IDH1",3,3,0,0
"CCNK",3,3,0,0
"ARL6IP5",3,3,0,0
"DYSF",3,3,0,0
"PIAS1",3,3,0,0
"BCAS2",3,3,0,0
"DNAJC8",3,3,0,0
"SMNDC1",3,3,0,0
"ATP5PD",3,3,0,0
"TRIO",3,3,0,0
"ATP5MG",3,3,0,0
"SASH3",3,3,0,0
"GLRX3",3,3,0,0
"RSL1D1",3,3,0,0
"CLPX",3,3,0,0
"CIAO1",3,2,1,0
"RGS20",3,3,0,0
"SRP72",3,3,0,0
"RECQL4",3,3,0,0
"RECQL5",3,3,0,0
"URI1",3,3,0,0
"MTA2",3,3,0,0
"STK10",3,3,0,0
"TOMM70",3,3,0,0
"TOX4",3,3,0,0
"SUPT7L",3,3,0,0
"FCHSD2",1,3,0,2
"UFL1",3,3,0,0
"FARP2",3,3,0,0
"UBXN7",3,1,0,2
"TOX",3,3,0,0
"PLPBP",3,3,0,0
"ERLIN2",3,3,0,0
"PRPF6",3,3,0,0
"PCF11",3,3,0,0
"FRYL",3,3,0,0
"GLS",3,2,1,0
"HAUS5",3,3,0,0
"KDM4B",3,3,0,0
"AP2A2",3,3,0,0
"SEC31A",3,3,0,0
"SLITRK5",2,2,2,0
"HEXIM1",3,3,0,0
"RPP14",3,3,0,0
"UBR5",3,3,0,0
"SCAF4",3,3,0,0
"SNUPN",3,3,0,0
"ELP1",3,3,0,0
"NDUFB4",3,3,0,0
"LETM1",3,3,0,0
"STBD1",3,2,1,0
"LUC7L3",3,3,0,0
"KIF4A",3,3,0,0
"MBD4",1,2,1,2
"SBF1",3,3,0,0
"GOSR1",3,3,0,0
"KAT7",3,3,0,0
"ATE1",3,3,0,0
"EPM2A",3,3,0,0
"VAPB",3,1,0,2
"SNAPIN",3,3,0,0
"NDUFA10",3,3,0,0
"CELF2",3,3,0,0
"PGLS",3,3,0,0
"SMC2",3,3,0,0
"FARS2",3,3,0,0
"ZBTB7A",3,3,0,0
"IPO7",3,3,0,0
"SLU7",3,3,0,0
"CD2BP2",3,3,0,0
"MED26",3,3,0,0
"BAG4",3,3,0,0
"AHSA1",3,3,0,0
"PARN",3,3,0,0
"FMNL1",3,3,0,0
"SGPL1",3,3,0,0
"NSA2",3,3,0,0
"SEC24B",3,3,0,0
"METTL18",3,3,0,0
"ETHE1",3,2,1,0
"ACSL3",3,3,0,0
"POLR1A",3,3,0,0
"PCNT",3,3,0,0
"YEATS4",3,3,0,0
"ZBTB11",3,3,0,0
"CPSF4",3,3,0,0
"ASMTL",3,3,0,0
"CDS2",2,2,2,0
"POP4",3,3,0,0
"HERC2",3,3,0,0
"SNAP29",3,1,0,2
"OXSR1",3,3,0,0
"HSPA4L",3,3,0,0
"PTBP3",3,3,0,0
"LSM8",3,3,0,0
"AP2A1",3,3,0,0
"WIZ",3,3,0,0
"STAU1",3,3,0,0
"TTC4",3,3,0,0
"CAVIN2",3,3,0,0
"BAG2",3,3,0,0
"MAP4K4",3,3,0,0
"AIFM1",3,3,0,0
"LATS1",2,3,1,0
"FADS2",3,3,0,0
"GPANK1",3,3,0,0
"SYF2",3,3,0,0
"MBD3",3,3,0,0
"TOP3B",3,3,0,0
"NDUFB10",2,3,1,0
"CLPTM1",3,3,0,0
"TOMM40",3,3,0,0
"PEX11B",3,3,0,0
"ACTL6A",3,3,0,0
"NSD2",3,3,0,0
"LDHA",3,3,0,0
"GLUD1",3,3,0,0
"DHFR",3,3,0,0
"CYB5R3",3,3,0,0
"GSR",3,3,0,0
"MT-CO2",3,3,0,0
"SOD1",3,3,0,0
"PNP",3,3,0,0
"HPRT1",3,3,0,0
"GOT2",3,3,0,0
"PGK1",3,3,0,0
"ADA",3,3,0,0
"SERPINC1",2,1,1,2
"A2M",3,3,0,0
"CSTA",3,3,0,0
"JCHAIN",2,2,2,0
"IGKC",3,3,0,0
"IGHG1",1,3,0,2
"IGHA1",3,3,0,0
"HLA-B",3,3,0,0
"HLA-H",3,3,0,0
"HBD",2,3,1,0
"COL1A1",2,3,1,0
"LMNA",3,3,0,0
"ALB",3,3,0,0
"AFP",2,2,2,0
"TFRC",3,3,0,0
"LTF",3,3,0,0
"FTL",1,3,0,2
"VTN",3,3,0,0
"CAT",3,3,0,0
"RAF1",3,3,0,0
"ALDOA",3,3,0,0
"CSTB",3,3,0,0
"ANXA1",3,3,0,0
"OAT",3,3,0,0
"TUBB4A",3,1,0,2
"GAPDH",3,3,0,0
"HLA-A",3,3,0,0
"CAPNS1",3,3,0,0
"HSPB1",3,3,0,0
"TYMS",3,3,0,0
"RPN1",3,3,0,0
"RPN2",3,3,0,0
"GNAI2",3,3,0,0
"ATP1A1",3,3,0,0
"ARG1",3,3,0,0
"ITGB2",3,3,0,0
"S100A8",3,3,0,0
"HMGN1",3,3,0,0
"SLC25A5",3,3,0,0
"ISG15",3,3,0,0
"PCCA",3,3,0,0
"PCCB",3,3,0,0
"EIF2S1",3,3,0,0
"HMGN2",3,3,0,0
"RPLP1",3,3,0,0
"RPLP2",3,3,0,0
"RPLP0",3,3,0,0
"POLR3D",3,3,0,0
"SSB",3,3,0,0
"ITGB1",2,3,1,0
"UROD",2,2,2,0
"GSN",3,3,0,0
"RB1",3,3,0,0
"PTMA",3,3,0,0
"CDK1",3,3,0,0
"ATP5F1B",3,3,0,0
"S100A9",3,3,0,0
"EIF4E",3,3,0,0
"ENO1",3,3,0,0
"PYGL",3,2,1,0
"GPI",3,3,0,0
"POLB",3,3,0,0
"NPM1",3,3,0,0
"TPM3",3,3,0,0
"LDHB",3,3,0,0
"GPX1",3,3,0,0
"P4HB",3,3,0,0
"CTSD",3,3,0,0
"ANXA2",3,3,0,0
"CAPN1",3,3,0,0
"TUBB",3,3,0,0
"PRSS1",3,3,0,0
"HEXB",2,1,1,2
"PFN1",3,3,0,0
"APRT",3,3,0,0
"EPRS1",3,3,0,0
"HSP90AA1",3,3,0,0
"HNRNPC",3,3,0,0
"YES1",3,3,0,0
"LYN",3,3,0,0
"FH",3,3,0,0
"ERCC1",2,2,2,0
"SP1",3,3,0,0
"ZFY",3,2,1,0
"ANXA6",2,3,1,0
"ABCB1",3,3,0,0
"SLC3A2",3,3,0,0
"HSP90AB1",3,3,0,0
"SRPRA",3,3,0,0
"ITGA2B",3,3,0,0
"PDHA1",3,3,0,0
"PLEK",3,3,0,0
"CYC1",3,3,0,0
"PTPRC",3,3,0,0
"SNRPB2",3,3,0,0
"SNRNP70",3,3,0,0
"RPS17",3,3,0,0
"GNAI3",3,2,1,0
"ANXA5",2,0,1,3
"RPSA",3,3,0,0
"MRPL3",3,3,0,0
"SNRPA",3,3,0,0
"SRP19",3,3,0,0
"GSTP1",3,3,0,0
"SNRPC",3,3,0,0
"LGALS1",3,3,0,0
"QDPR",1,2,1,2
"HMGB1",3,3,0,0
"GSTM1",3,3,0,0
"TPM1",3,3,0,0
"CLTA",3,3,0,0
"ANXA4",2,3,1,0
"CNP",3,3,0,0
"DLD",3,3,0,0
"HNRNPA1",3,3,0,0
"SNRPA1",3,3,0,0
"FGR",3,3,0,0
"PARP1",3,3,0,0
"POLA1",3,3,0,0
"IFIT1",3,2,1,0
"LTA4H",2,3,1,0
"ALDOC",3,3,0,0
"H2AZ1",3,3,0,0
"H2AC11",3,3,0,0
"TFPT",3,3,0,0
"FBXO45",3,2,1,0
"POLR2M",3,3,0,0
"POTEI",3,3,0,0
"SP9",3,3,0,0
"HSPA1A",3,3,0,0
"CALM1",3,3,0,0
"ERCC6",3,2,1,0
"POLR1D",3,3,0,0
"GATD3",2,1,1,2
"GLI2",3,3,0,0
"ZBTB48",3,3,0,0
"GLI4",3,3,0,0
"RO60",3,3,0,0
"HLA-C",2,2,2,0
"ARAF",2,3,1,0
"H1-4",3,3,0,0
"DLAT",3,3,0,0
"TXN",3,3,0,0
"MGST1",3,3,0,0
"PRKAR1A",3,3,0,0
"TFPI",3,3,0,0
"ESD",1,2,1,2
"HSPD1",3,3,0,0
"CLU",2,3,1,0
"HSPA5",3,3,0,0
"HSPA8",3,3,0,0
"SLC2A1",3,3,0,0
"EPB41",2,3,1,0
"UMPS",3,3,0,0
"PDHB",3,3,0,0
"DBT",3,3,0,0
"PYGB",3,3,0,0
"RALA",3,3,0,0
"RALB",3,3,0,0
"BCR",3,3,0,0
"LAMP1",3,1,0,2
"ERG",3,3,0,0
"ACADM",3,3,0,0
"FGFR1",2,1,1,2
"TOP1",3,3,0,0
"TOP2A",3,3,0,0
"G6PD",3,3,0,0
"PC",3,3,0,0
"MTHFD1",3,3,0,0
"ADH5",1,2,1,2
"PRPS2",3,3,0,0
"PABPC1",3,3,0,0
"PCNA",3,3,0,0
"SLC25A4",2,1,1,2
"SLC25A6",3,3,0,0
"IMPDH2",3,3,0,0
"TPR",3,3,0,0
"PIP",3,3,0,0
"BCKDHA",3,3,0,0
"SKI",3,3,0,0
"ACTN1",3,3,0,0
"MYL4",1,2,1,2
"PEPD",3,3,0,0
"XRCC6",3,3,0,0
"XRCC5",3,3,0,0
"COX4I1",3,2,1,0
"IFITM1",2,3,1,0
"LAMP2",3,3,0,0
"RNH1",2,3,1,0
"NCAM1",2,1,1,2
"EEF2",3,3,0,0
"PDIA4",3,3,0,0
"P4HA1",3,3,0,0
"TPT1",3,3,0,0
"LCP1",3,3,0,0
"APEH",3,3,0,0
"ETFA",3,3,0,0
"GYS1",3,1,0,2
"PRKAR2A",3,3,0,0
"MTHFD2",3,3,0,0
"MIF",3,3,0,0
"PRKCSH",3,3,0,0
"HCLS1",3,3,0,0
"FDPS",3,3,0,0
"TRIM27",3,3,0,0
"COX7A2",3,3,0,0
"AKR1A1",3,3,0,0
"PKM",3,3,0,0
"HSP90B1",3,3,0,0
"CCNB1",3,3,0,0
"MYL6B",3,3,0,0
"SNRPB",3,3,0,0
"IDE",2,2,2,0
"HNRNPL",3,3,0,0
"DARS1",3,3,0,0
"JUP",3,3,0,0
"CPA3",2,3,1,0
"GLUL",3,3,0,0
"ANPEP",3,3,0,0
"RAC2",3,3,0,0
"GSPT1",3,3,0,0
"EZR",3,3,0,0
"ATF2",2,3,1,0
"UCHL3",3,2,1,0
"FOSL2",3,3,0,0
"VAV1",3,3,0,0
"NME1",3,2,1,0
"RPS2",3,3,0,0
"TCF4",2,1,1,2
"DSP",3,3,0,0
"RPA2",3,3,0,0
"CD44",3,3,0,0
"H2AX",3,3,0,0
"SPN",3,3,0,0
"CREB1",3,3,0,0
"NCK1",3,3,0,0
"H1-5",3,3,0,0
"H1-3",3,3,0,0
"H1-2",3,3,0,0
"ATP2A2",3,3,0,0
"FAH",3,1,0,2
"STMN1",3,3,0,0
"YBX3",3,3,0,0
"ZNF16",3,3,0,0
"ZNF22",3,3,0,0
"ZNF24",2,0,1,3
"HMGA1",3,3,0,0
"ZNF8",3,0,0,3
"GOT1",3,3,0,0
"UBTF",3,3,0,0
"JUND",3,3,0,0
"NDUFB7",2,3,1,0
"PTPN2",3,3,0,0
"CTPS1",3,3,0,0
"DDX5",3,3,0,0
"PFKL",3,3,0,0
"FLT1",3,3,0,0
"PSMC3",3,3,0,0
"TCP1",3,3,0,0
"PTPN1",3,3,0,0
"ERCC2",3,3,0,0
"RPL35A",3,3,0,0
"ARF4",3,3,0,0
"RPL7",3,3,0,0
"VCL",3,3,0,0
"SON",3,3,0,0
"NELFE",3,3,0,0
"RPL17",3,3,0,0
"PGAM1",3,3,0,0
"RCC1",3,3,0,0
"ATF1",3,3,0,0
"ATF6",2,2,2,0
"LIG1",3,3,0,0
"XRCC1",3,3,0,0
"PLCG1",3,3,0,0
"NCL",3,3,0,0
"HK1",3,2,1,0
"POLR2C",3,3,0,0
"POLR2E",3,3,0,0
"NDUFV2",3,3,0,0
"ERCC3",3,3,0,0
"EIF2AK2",3,3,0,0
"WT1",3,3,0,0
"SRM",3,3,0,0
"CSNK2A2",3,3,0,0
"ITIH2",3,3,0,0
"NFKB1",3,3,0,0
"EIF2S2",3,3,0,0
"ANXA7",3,3,0,0
"TBP",3,3,0,0
"BTF3",3,3,0,0
"CHRM3",3,3,0,0
"RAB6A",3,2,1,0
"MSH3",3,3,0,0
"PSMB1",3,3,0,0
"LMNB1",3,3,0,0
"ITGAL",3,3,0,0
"FLG",3,3,0,0
"CDK11B",3,3,0,0
"ATP6V1B2",3,3,0,0
"FLNA",3,3,0,0
"ACO1",3,3,0,0
"TNFAIP3",3,1,0,2
"TAF1",3,3,0,0
"VDAC1",3,3,0,0
"SDHB",3,2,1,0
"COMT",3,3,0,0
"OSBP",3,3,0,0
"PCMT1",3,3,0,0
"FUT4",3,3,0,0
"FBL",3,3,0,0
"RPS4Y1",3,3,0,0
"GART",3,3,0,0
"PAICS",3,3,0,0
"SCP2",3,3,0,0
"UBA1",3,3,0,0
"NME2",3,3,0,0
"HNRNPA2B1",3,3,0,0
"CBL",3,3,0,0
"UQCRC2",3,3,0,0
"TGM1",3,3,0,0
"FECH",3,3,0,0
"XPA",3,3,0,0
"TCEA1",3,3,0,0
"SFPQ",3,3,0,0
"TUBG1",3,3,0,0
"PPIB",3,3,0,0
"ME2",2,2,2,0
"WARS1",3,3,0,0
"RPS3",3,3,0,0
"GCSH",2,3,1,0
"RPS6KB1",3,2,1,0
"JAK1",3,2,1,0
"SP100",3,3,0,0
"AHCY",3,3,0,0
"CFL1",3,3,0,0
"EIF4B",3,3,0,0
"ATP2B4",3,3,0,0
"GATA2",3,3,0,0
"RRM1",3,3,0,0
"IL4R",3,3,0,0
"EEF1B2",3,3,0,0
"ACAT1",3,3,0,0
"POLR2A",3,3,0,0
"APC",3,1,0,2
"GRK2",3,3,0,0
"MCM3",3,3,0,0
"AZGP1",3,3,0,0
"RPS12",3,3,0,0
"BRD2",3,3,0,0
"YY1",3,3,0,0
"DNAJB1",3,3,0,0
"ATP5F1A",3,3,0,0
"PSMA1",3,3,0,0
"PSMA2",3,3,0,0
"PSMA3",3,3,0,0
"PSMA4",3,3,0,0
"MSN",3,3,0,0
"DDX6",3,3,0,0
"DNMT1",3,3,0,0
"U2AF2",3,3,0,0
"RPL13",3,3,0,0
"IVD",2,2,2,0
"MGAT1",3,2,1,0
"HMGB2",3,3,0,0
"PTBP1",3,3,0,0
"TARS1",3,3,0,0
"VARS1",3,3,0,0
"EEF1G",3,3,0,0
"FKBP2",3,2,1,0
"STOM",3,3,0,0
"AK4",3,3,0,0
"YWHAQ",3,3,0,0
"MAPK3",3,3,0,0
"MARK3",3,3,0,0
"CALML3",2,1,1,2
"RPL10",3,3,0,0
"RPA1",3,3,0,0
"APEX1",3,3,0,0
"CAD",3,3,0,0
"CALR",3,3,0,0
"MAP4",3,3,0,0
"CANX",3,3,0,0
"PIK3R1",3,3,0,0
"PSMB8",3,3,0,0
"PSMA5",3,3,0,0
"PSMB4",3,3,0,0
"PSMB6",3,3,0,0
"PSMB5",3,3,0,0
"ABCD3",3,3,0,0
"ITPRID2",3,3,0,0
"NDUFS1",3,3,0,0
"POLD1",3,3,0,0
"MAPK1",3,3,0,0
"ERCC5",3,3,0,0
"LAP3",3,3,0,0
"CD34",3,2,1,0
"GTF2E1",3,3,0,0
"GTF2E2",3,3,0,0
"TPP2",3,3,0,0
"IMPA1",3,1,0,2
"SHC1",3,3,0,0
"MPG",3,3,0,0
"KDM5A",3,3,0,0
"TKT",3,3,0,0
"CASP1",3,1,0,2
"SERPINB3",3,3,0,0
"RBMS1",3,3,0,0
"PML",3,3,0,0
"TYK2",3,3,0,0
"EEF1D",3,3,0,0
"MARCKS",3,3,0,0
"ERP29",3,3,0,0
"PRDX6",3,3,0,0
"PRDX5",3,3,0,0
"ATP5F1D",2,3,1,0
"RPL12",3,3,0,0
"ECHS1",1,2,1,2
"CMPK1",3,3,0,0
"PEBP1",3,3,0,0
"PDIA3",3,3,0,0
"PPP2R1A",3,3,0,0
"PPP2R1B",3,3,0,0
"CDC27",3,3,0,0
"NKTR",3,3,0,0
"NMT1",3,3,0,0
"HMOX2",3,3,0,0
"ADSS2",3,2,1,0
"ADSL",3,3,0,0
"SRI",2,2,2,0
"GNA15",3,3,0,0
"SERPINB1",3,3,0,0
"GCH1",3,3,0,0
"ALDH1B1",3,3,0,0
"POLR2B",3,3,0,0
"LCN1",2,0,1,3
"SDHA",3,3,0,0
"CORO1A",3,3,0,0
"S100A7",3,3,0,0
"MAT2A",3,3,0,0
"HOXA10",3,3,0,0
"HOXA9",2,3,1,0
"RRM2",3,3,0,0
"DNAJA1",3,3,0,0
"UQCRC1",3,3,0,0
"ATIC",3,3,0,0
"HNRNPH3",3,3,0,0
"HNRNPH1",3,3,0,0
"CASP14",3,3,0,0
"YWHAB",3,3,0,0
"STIP1",3,3,0,0
"S100A11",3,3,0,0
"PRDX2",3,3,0,0
"ARRB2",3,3,0,0
"GRK4",3,3,0,0
"PYCR1",2,3,1,0
"ELF1",3,3,0,0
"GTF2H1",3,3,0,0
"ICAM3",3,1,0,2
"RPL9",3,3,0,0
"KIF5B",3,3,0,0
"CSTF2",3,3,0,0
"LSP1",3,3,0,0
"DUT",3,3,0,0
"TTK",2,3,1,0
"MCM4",3,3,0,0
"MCM5",3,3,0,0
"MCM7",3,3,0,0
"SHMT2",3,3,0,0
"HSPA1L",3,3,0,0
"HSPA4",3,3,0,0
"PRSS3",2,2,2,0
"CTNNB1",3,3,0,0
"BMI1",3,3,0,0
"PHB1",3,3,0,0
"PTPN7",3,3,0,0
"SERPINB6",3,3,0,0
"NF2",3,3,0,0
"RDX",3,3,0,0
"RPA3",3,3,0,0
"RFC4",3,3,0,0
"RFC2",3,3,0,0
"RFC1",3,3,0,0
"RPL22",3,3,0,0
"GTF2F1",3,3,0,0
"AGL",3,3,0,0
"MYH9",3,3,0,0
"MYH10",3,3,0,0
"COPB2",3,3,0,0
"ADD1",3,1,0,2
"BSG",3,3,0,0
"FUS",3,3,0,0
"DEK",3,3,0,0
"MYH11",3,3,0,0
"PSMC2",3,3,0,0
"TCF7",3,3,0,0
"ARL2",0,2,1,3
"MAP2K2",3,3,0,0
"ATP5F1C",3,3,0,0
"ATP6V1E1",2,1,1,2
"RPL4",3,3,0,0
"LONP1",3,3,0,0
"PGM1",3,3,0,0
"PPP1CC",3,3,0,0
"GNL1",2,3,1,0
"POLR2I",3,3,0,0
"DLST",3,3,0,0
"GPX4",3,3,0,0
"SRP14",3,3,0,0
"FDFT1",3,3,0,0
"TAGLN2",3,3,0,0
"TALDO1",3,3,0,0
"ETFB",3,3,0,0
"RBMX",3,3,0,0
"COIL",3,3,0,0
"GGCX",2,1,1,2
"ATP6V1A",3,3,0,0
"HSPA9",3,3,0,0
"EIF4A3",3,3,0,0
"IGHMBP2",3,3,0,0
"RPS19",3,3,0,0
"RPL3",3,3,0,0
"DDOST",3,3,0,0
"ANP32A",2,3,1,0
"FEN1",3,3,0,0
"CUX1",3,1,0,2
"TXLNA",3,3,0,0
"CCT6A",3,3,0,0
"RPL13A",3,3,0,0
"MLH1",3,3,0,0
"STAT3",3,3,0,0
"USP8",3,1,0,2
"MDH1",3,3,0,0
"MDH2",3,3,0,0
"RFC5",3,3,0,0
"RFC3",3,3,0,0
"HADHA",3,3,0,0
"EIF2S3",3,3,0,0
"CETN2",3,3,0,0
"ETV6",3,3,0,0
"EIF2D",3,3,0,0
"BUD31",3,3,0,0
"NAA10",3,3,0,0
"CSK",3,3,0,0
"GARS1",3,3,0,0
"IARS1",3,3,0,0
"EIF1",3,3,0,0
"PRKCI",3,3,0,0
"ECI1",2,2,2,0
"TMPO",3,3,0,0
"TMPO.1",3,3,0,0
"STAT1",3,3,0,0
"STAT5A",3,2,1,0
"MTREX",3,3,0,0
"ARHGAP25",3,3,0,0
"PIK3CB",2,2,2,0
"MTOR",2,2,2,0
"PI4KA",3,3,0,0
"EPS15",3,3,0,0
"MLLT3",3,3,0,0
"CASP3",3,1,0,2
"RPS27",3,3,0,0
"TEC",3,3,0,0
"HELZ",3,3,0,0
"NCAPD3",3,2,1,0
"RBM34",3,3,0,0
"LRPPRC",3,3,0,0
"ACAA2",3,2,1,0
"RPL35",3,3,0,0
"MATR3",3,3,0,0
"MSH2",3,3,0,0
"GRK6",3,3,0,0
"SSR1",3,3,0,0
"ZAP70",3,3,0,0
"SYK",3,3,0,0
"RANBP1",3,3,0,0
"NAMPT",3,3,0,0
"PSMC4",3,3,0,0
"VDAC2",3,3,0,0
"ACADSB",2,3,1,0
"CBX5",3,3,0,0
"USP5",3,3,0,0
"MKI67",3,3,0,0
"RANGAP1",3,3,0,0
"RECQL",3,3,0,0
"NOP2",3,3,0,0
"ATRX",3,3,0,0
"CRKL",3,3,0,0
"MTIF2",3,2,1,0
"BAG6",2,2,2,0
"NSF",3,3,0,0
"BRCC3",3,3,0,0
"RPL27A",3,3,0,0
"RPL5",3,3,0,0
"RPL21",3,3,0,0
"RPL28",3,3,0,0
"RPS9",3,3,0,0
"RPS5",3,3,0,0
"RPS10",3,3,0,0
"NEDD4",3,3,0,0
"UTRN",3,3,0,0
"IQGAP1",3,3,0,0
"GYG1",3,3,0,0
"STT3A",3,3,0,0
"CAPZA2",3,3,0,0
"CAPZB",3,3,0,0
"QARS1",3,3,0,0
"RPL29",3,3,0,0
"LGALS7",3,3,0,0
"ZFP36L2",3,3,0,0
"UQCRFS1",3,3,0,0
"ATP5PO",3,3,0,0
"PREP",2,2,2,0
"RFX5",1,3,0,2
"PIP4K2A",3,3,0,0
"ARCN1",3,3,0,0
"PSMD8",3,3,0,0
"SERPINB4",3,3,0,0
"PRRC2A",3,3,0,0
"CCT5",3,3,0,0
"PTDSS1",3,3,0,0
"CSNK1A1",3,3,0,0
"CSNK1D",3,3,0,0
"IDH2",3,3,0,0
"TNNI2",2,2,2,0
"ADGRE5",3,2,1,0
"POLD2",3,3,0,0
"PXN",2,1,1,2
"ALDH9A1",3,3,0,0
"RPL34",3,3,0,0
"RPIA",3,3,0,0
"LMAN1",2,3,1,0
"NASP",3,3,0,0
"FASN",3,3,0,0
"CDK8",3,3,0,0
"CCT3",3,3,0,0
"MRPL19",3,2,1,0
"ARRB1",3,3,0,0
"TUFM",3,3,0,0
"CENPF",3,3,0,0
"SRP9",3,3,0,0
"PCYT1A",3,3,0,0
"AARS1",3,3,0,0
"CARS1",3,3,0,0
"SARS1",3,3,0,0
"PPM1F",3,3,0,0
"PRIM2",3,3,0,0
"CSNK1E",3,3,0,0
"CTCF",3,3,0,0
"PSMB3",3,3,0,0
"PSMB2",3,3,0,0
"MCM2",3,3,0,0
"YLPM1",3,3,0,0
"TMED10",3,3,0,0
"RBM25",3,3,0,0
"NUMB",3,3,0,0
"CLK1",3,3,0,0
"CLK2",3,3,0,0
"CLK3",3,3,0,0
"EIF2B2",3,3,0,0
"NUP153",3,3,0,0
"RANBP2",3,3,0,0
"RGS19",2,1,1,2
"NDUFV1",3,3,0,0
"GSK3B",3,3,0,0
"TAF6",3,3,0,0
"NT5C2",3,3,0,0
"SEPHS1",3,3,0,0
"GMPS",3,3,0,0
"LIG3",3,3,0,0
"MRE11",3,3,0,0
"GNAQ",3,3,0,0
"IDH3A",3,3,0,0
"GDI2",3,3,0,0
"EMD",3,3,0,0
"CPT1A",3,3,0,0
"SERPINH1",2,3,1,0
"ST13",3,3,0,0
"PEX5",2,2,2,0
"VASP",3,3,0,0
"DNM2",3,3,0,0
"METAP2",3,3,0,0
"CDK9",3,3,0,0
"PPT1",3,3,0,0
"RPL14",3,3,0,0
"CCT8",3,3,0,0
"CCT4",3,3,0,0
"ANXA11",3,3,0,0
"PAPOLA",2,2,2,0
"FXR1",3,3,0,0
"FXR2",3,3,0,0
"RAB5C",3,3,0,0
"RAB7A",3,3,0,0
"RAB27A",3,3,0,0
"DAP3",3,3,0,0
"DUSP3",3,3,0,0
"SMARCA2",3,3,0,0
"SMARCA4",3,3,0,0
"GALK1",3,2,1,0
"SSR4",3,3,0,0
"BCAP31",3,3,0,0
"MECP2",3,3,0,0
"HCFC1",3,3,0,0
"ALDH3A2",2,3,1,0
"ALDH5A1",3,3,0,0
"HSD17B4",3,3,0,0
"PSMD7",3,3,0,0
"USP11",1,2,1,2
"RPS6KA3",3,3,0,0
"AFF1",3,3,0,0
"HDGF",3,3,0,0
"CCNH",2,1,1,2
"MNAT1",3,3,0,0
"NEK4",3,3,0,0
"NDUFA8",3,3,0,0
"HNRNPA3",3,3,0,0
"PGD",3,3,0,0
"HNRNPM",3,3,0,0
"KPNA2",3,3,0,0
"KPNA1",3,3,0,0
"NCBP2",3,3,0,0
"RAP1GDS1",3,0,0,3
"JAK3",3,3,0,0
"DGKE",3,3,0,0
"POLR2H",3,3,0,0
"POLR2J",3,3,0,0
"ARHGDIA",3,3,0,0
"ARHGDIB",3,3,0,0
"HNRNPF",3,3,0,0
"MSH6",3,3,0,0
"KIF11",3,3,0,0
"ZNF143",1,2,1,2
"RBM5",3,3,0,0
"SMS",3,3,0,0
"HK2",3,3,0,0
"THOP1",3,3,0,0
"CAPZA1",3,3,0,0
"HMGA2",2,2,2,0
"NUP98",3,1,0,2
"SLC25A1",3,3,0,0
"PPP5C",3,3,0,0
"PLK1",3,3,0,0
"ACLY",3,3,0,0
"METAP1",1,2,1,2
"SUCLG1",3,3,0,0
"MVD",2,1,1,2
"COPB1",3,3,0,0
"COPA",3,3,0,0
"CTSC",3,2,1,0
"AP3M2",3,2,1,0
"AP2S1",3,3,0,0
"POLR2K",1,3,0,2
"TTC3",3,3,0,0
"SMTN",3,3,0,0
"SLC16A1",3,3,0,0
"SEC24C",3,2,1,0
"SUB1",3,3,0,0
"CLNS1A",3,3,0,0
"BLM",3,3,0,0
"RARS1",3,3,0,0
"HIRA",3,3,0,0
"TERF1",3,3,0,0
"CACNA2D1",2,2,2,0
"YARS1",3,3,0,0
"USP14",2,2,2,0
"HSPA2",3,3,0,0
"BCAT1",2,2,2,0
"ATP1B3",3,3,0,0
"RAD23B",3,3,0,0
"AK2",3,3,0,0
"ALDH18A1",3,3,0,0
"NAPA",3,2,1,0
"EIF5",3,3,0,0
"PSMD4",3,3,0,0
"CSE1L",3,3,0,0
"VCP",3,3,0,0
"MFAP1",3,3,0,0
"HADHB",3,3,0,0
"NCKAP1L",3,3,0,0
"MLLT10",3,3,0,0
"MLLT6",3,3,0,0
"ELL",3,3,0,0
"BRPF1",3,3,0,0
"NAP1L1",3,3,0,0
"ADK",3,3,0,0
"ADAR",3,3,0,0
"SEC13",3,3,0,0
"SNU13",3,3,0,0
"NPEPPS",3,3,0,0
"HNRNPH2",3,3,0,0
"OXCT1",3,3,0,0
"SUMO3",3,3,0,0
"EIF3B",3,3,0,0
"BID",1,2,1,2
"ATP5MF",3,3,0,0
"RRP1",3,3,0,0
"MARS1",3,3,0,0
"CTSW",3,3,0,0
"MAZ",3,3,0,0
"AP1S2",2,2,2,0
"EIF6",3,3,0,0
"CTBP2",3,3,0,0
"NDUFA6",3,3,0,0
"PRDM15",3,1,0,2
"WDR4",3,3,0,0
"TMEM33",2,3,1,0
"GEMIN4",3,3,0,0
"CORO7",3,3,0,0
"NUP107",2,3,1,0
"GSDMD",0,2,1,3
"EEFSEC",3,3,0,0
"EPPK1",2,3,1,0
"MTPN",2,3,1,0
"GNG2",2,1,1,2
"AP3S2",3,3,0,0
"ARPC4",3,3,0,0
"TPI1",3,3,0,0
"EIF3E",3,3,0,0
"SEC61B",3,3,0,0
"MYL6",3,3,0,0
"ACTB",3,3,0,0
"EIF4A1",3,3,0,0
"RPS20",3,3,0,0
"PRPS1",3,3,0,0
"PSMA6",3,3,0,0
"CDC42",3,3,0,0
"DSTN",3,3,0,0
"RAB8A",3,3,0,0
"SRP54",3,2,1,0
"RAB2A",3,3,0,0
"RAB10",3,3,0,0
"UBE2N",3,3,0,0
"RAB14",3,3,0,0
"ACTR3",3,3,0,0
"ACTR2",3,3,0,0
"ACTR1A",3,3,0,0
"COPS2",1,2,1,2
"ARF3",3,3,0,0
"POLR2F",1,3,0,2
"ABCE1",3,3,0,0
"RAP1B",3,3,0,0
"MAX",3,3,0,0
"RPS3A",3,3,0,0
"RPL26",3,3,0,0
"PSME3",3,3,0,0
"RPL15",3,3,0,0
"MAGOH",3,3,0,0
"RPL27",3,3,0,0
"RPL37A",3,3,0,0
"RHOA",3,3,0,0
"HSPE1",3,3,0,0
"SEC61A1",3,3,0,0
"LYZ",3,3,0,0
"B2M",2,1,1,2
"COPZ1",3,3,0,0
"RPL37",3,3,0,0
"UFM1",3,3,0,0
"DCAF7",3,3,0,0
"WDR5",3,3,0,0
"NUTF2",2,2,2,0
"HNRNPK",3,3,0,0
"YWHAG",3,3,0,0
"RPS7",3,3,0,0
"PPP1CA",3,3,0,0
"PPP1CB",3,3,0,0
"PSMC1",3,3,0,0
"PSMC5",3,3,0,0
"RPS8",3,3,0,0
"RPS15A",3,3,0,0
"RPS16",3,3,0,0
"YWHAE",3,3,0,0
"RPS14",3,3,0,0
"RPS23",3,3,0,0
"RPS18",3,3,0,0
"RPS29",3,3,0,0
"RPS13",3,3,0,0
"RPS11",3,3,0,0
"SNRPE",3,3,0,0
"SNRPF",3,3,0,0
"LSM3",3,3,0,0
"LSM6",3,3,0,0
"SNRPD1",3,3,0,0
"SNRPD2",3,3,0,0
"SNRPD3",3,3,0,0
"TMSB4X",2,3,1,0
"PSMC6",3,3,0,0
"RPL7A",3,3,0,0
"POLR2G",3,3,0,0
"ETF1",3,2,1,0
"RPS4X",3,3,0,0
"PPP2CB",3,3,0,0
"RPL23A",3,3,0,0
"RPS6",3,3,0,0
"H4C1",3,3,0,0
"RAB1A",3,3,0,0
"RAN",3,3,0,0
"RPL23",3,3,0,0
"RPS15",3,3,0,0
"RPS24",3,3,0,0
"RPS25",3,3,0,0
"RPS26",3,3,0,0
"RPS28",3,3,0,0
"FAU",3,3,0,0
"GNB1",3,3,0,0
"POLR2L",3,3,0,0
"RBX1",3,3,0,0
"RPL30",3,3,0,0
"RPL39",3,3,0,0
"RPL31",3,3,0,0
"RPL10A",3,3,0,0
"RPL32",3,3,0,0
"RPL11",3,3,0,0
"RPL8",3,3,0,0
"PPIA",3,3,0,0
"FKBP1A",3,3,0,0
"RPS27A",3,3,0,0
"GRB2",3,3,0,0
"TRA2B",3,3,0,0
"RAC1",3,3,0,0
"AP2B1",3,3,0,0
"GNAS",3,3,0,0
"GNAI1",3,3,0,0
"YWHAZ",3,3,0,0
"PPP2R2A",3,3,0,0
"DYNLT1",3,3,0,0
"RPL38",3,3,0,0
"SKP1",3,3,0,0
"RPS21",3,3,0,0
"EIF5A",3,3,0,0
"RACK1",3,3,0,0
"ACTG1",3,3,0,0
"YBX1",3,3,0,0
"SEC11A",3,2,1,0
"CSNK2B",3,3,0,0
"TPM4",3,3,0,0
"ACTC1",3,3,0,0
"UBE2L3",3,3,0,0
"EEF1A1",3,3,0,0
"ACTA1",3,1,0,2
"TUBB4B",3,3,0,0
"CSNK2A1",3,3,0,0
"PAFAH1B2",3,3,0,0
"NOMO3",3,3,0,0
"HBA1",3,3,0,0
"FAM193A",3,3,0,0
"NOP14",3,3,0,0
"RBM6",3,3,0,0
"EIF4G2",3,3,0,0
"RPP38",3,3,0,0
"RPP30",3,3,0,0
"GTF2I",3,3,0,0
"PIP4K2B",3,3,0,0
"SRPK2",3,3,0,0
"CSNK1G2",3,3,0,0
"CCT2",3,3,0,0
"RAE1",3,3,0,0
"GSTO1",3,3,0,0
"PRKDC",3,3,0,0
"NTHL1",3,3,0,0
"MAP1A",3,3,0,0
"ADARB1",1,3,0,2
"PRR3",3,3,0,0
"LCN2",2,3,1,0
"NUCB2",3,3,0,0
"DCD",3,3,0,0
"SSBP2",2,3,1,0
"MRPS22",3,3,0,0
"MRPS35",3,3,0,0
"MRPS5",3,3,0,0
"MRPS11",3,3,0,0
"MRPS15",3,3,0,0
"MRPS21",3,3,0,0
"MRPS34",3,3,0,0
"MRPS6",3,3,0,0
"MRPS9",3,3,0,0
"HMGN5",3,3,0,0
"LACTB",3,3,0,0
"RPL24",3,3,0,0
"RPL36A",3,3,0,0
"CBX1",2,1,1,2
"SMAD3",3,3,0,0
"ERH",3,3,0,0
"RHOG",3,3,0,0
"RPL19",3,3,0,0
"SERF2",3,3,0,0
"SRSF3",3,3,0,0
"H3-3A",3,3,0,0
"FOXK1",3,3,0,0
"ZBED6",3,2,1,0
"CCZ1B",3,3,0,0
"XIAP",2,3,1,0
"ARHGAP4",3,3,0,0
"RBM10",3,3,0,0
"RBM3",3,3,0,0
"ATP2C1",3,2,1,0
"CYCS",3,1,0,2
"MPP1",3,3,0,0
"TFAM",3,3,0,0
"SLC25A3",3,3,0,0
"HDLBP",3,3,0,0
"GTF2B",2,1,1,2
"CDK6",3,3,0,0
"CDK5",3,3,0,0
"PURA",3,3,0,0
"CLTC",3,3,0,0
"HSF1",1,2,1,2
"FKBP3",2,3,1,0
"PLCB2",3,3,0,0
"HNRNPU",3,3,0,0
"U2AF1",3,3,0,0
"SPTBN1",3,3,0,0
"TIAL1",3,3,0,0
"SET",3,3,0,0
"SRSF2",3,3,0,0
"FOXK2",2,3,1,0
"RUNX1",3,3,0,0
"AMPD3",2,2,2,0
"AMPD2",3,3,0,0
"FABP5",3,3,0,0
"CAP1",3,3,0,0
"FLI1",3,3,0,0
"HMGCS1",3,3,0,0
"SLC7A5",3,3,0,0
"DR1",3,3,0,0
"EXOSC10",3,3,0,0
"OTUD4",2,3,1,0
"PFKP",3,3,0,0
"SATB1",3,3,0,0
"XPC",3,3,0,0
"EWSR1",3,3,0,0
"OCRL",3,3,0,0
"PLCB3",3,3,0,0
"AKAP17A",3,3,0,0
"SP2",3,3,0,0
"OGDH",3,3,0,0
"CENPE",3,3,0,0
"KIF23",3,3,0,0
"BDH1",2,0,1,3
"DSG1",3,3,0,0
"SP4",3,2,1,0
"SP3",2,3,1,0
"RPL18A",3,3,0,0
"MAP2K1",3,3,0,0
"FKBP4",3,3,0,0
"PLOD1",3,3,0,0
"RPL6",3,3,0,0
"TOP2B",3,3,0,0
"SLC25A11",3,3,0,0
"DST",3,3,0,0
"MLLT1",3,3,0,0
"GNA12",3,3,0,0
"KMT2A",3,3,0,0
"CENPC",3,3,0,0
"LMNB2",3,3,0,0
"MVK",3,3,0,0
"ERCC6.1",3,3,0,0
"TAP2",2,1,1,2
"CEBPZ",3,3,0,0
"RELA",2,2,2,0
"UBXN1",3,3,0,0
"GBE1",3,3,0,0
"EIF4G1",3,3,0,0
"PRKCQ",3,3,0,0
"GLO1",2,2,2,0
"SSBP1",3,3,0,0
"YWHAH",3,3,0,0
"PLP2",2,0,1,3
"CSTF1",3,3,0,0
"UBE3A",2,1,1,2
"PTK2",3,3,0,0
"SRSF11",3,3,0,0
"PTPN11",3,3,0,0
"PPAT",3,3,0,0
"GFPT1",3,3,0,0
"EXOSC9",3,3,0,0
"PSME1",3,3,0,0
"RBPJ",3,3,0,0
"MEF2C",3,3,0,0
"RING1",3,3,0,0
"FMR1",3,3,0,0
"PRDX1",3,3,0,0
"RPL18",3,3,0,0
"C1QBP",3,3,0,0
"KHDRBS1",3,3,0,0
"BAX",3,3,0,0
"POLE",3,3,0,0
"KLC1",3,3,0,0
"SRSF1",3,3,0,0
"ARHGAP1",2,3,1,0
"FOXM1",2,1,1,2
"SRSF4",3,3,0,0
"TGM3",3,3,0,0
"PPP3CA",3,3,0,0
"DHX9",3,3,0,0
"CRYZ",3,1,0,2
"GOLGA3",3,3,0,0
"GOLGA2",3,3,0,0
"DSC1",3,3,0,0
"SSRP1",3,3,0,0
"VAC14",3,3,0,0
"NSUN2",3,3,0,0
"RBBP4",3,3,0,0
"NCBP1",3,3,0,0
"CCDC15",3,3,0,0
"APOBR",3,3,0,0
"HSPA14",3,3,0,0
"MGAT2",1,3,0,2
"GALNT2",2,2,2,0
"AP1B1",3,3,0,0
"CPSF1",3,3,0,0
"BST2",3,3,0,0
"PMPCA",3,3,0,0
"WASHC5",2,3,1,0
"NUP160",3,1,0,2
"TBL3",3,3,0,0
"GTF3C1",3,3,0,0
"TWF1",3,2,1,0
"ASPH",3,3,0,0
"TFCP2",3,3,0,0
"AKAP13",3,3,0,0
"SMARCB1",3,3,0,0
"BPTF",3,3,0,0
"CDC20",3,3,0,0
"GRSF1",3,3,0,0
"MAP4K2",3,3,0,0
"SFSWAP",3,3,0,0
"CHD3",3,3,0,0
"SF3A3",3,3,0,0
"TP53BP1",3,3,0,0
"IFRD2",3,3,0,0
"TRIM26",3,3,0,0
"AIMP1",3,3,0,0
"ILF2",3,3,0,0
"ILF3",3,3,0,0
"LMAN2",2,2,2,0
"ELAVL2",3,3,0,0
"TRAP1",3,3,0,0
"TRAF2",3,3,0,0
"TAF10",3,3,0,0
"PPP1R8",3,3,0,0
"ABR",3,3,0,0
"NFX1",3,3,0,0
"CSTF3",3,3,0,0
"TIAM1",3,3,0,0
"ECH1",3,3,0,0
"CDC16",3,2,1,0
"STK4",3,3,0,0
"FLII",3,3,0,0
"MKRN3",2,3,1,0
"ACACA",3,3,0,0
"CHAF1A",3,3,0,0
"CHAF1B",3,3,0,0
"IK",3,3,0,0
"MTAP",3,3,0,0
"REST",3,3,0,0
"PRKAA1",3,3,0,0
"PPFIA1",3,3,0,0
"EIF2B5",3,3,0,0
"TARDBP",3,3,0,0
"HNRNPA0",3,3,0,0
"AIMP2",3,3,0,0
"PRDX4",3,3,0,0
"PAK2",3,3,0,0
"CBX3",3,3,0,0
"STK3",3,2,1,0
"STX5",2,2,2,0
"CBLB",1,2,1,2
"PSMD2",3,3,0,0
"DDX10",3,3,0,0
"DNAJC3",2,2,2,0
"GPS2",2,0,1,3
"SRSF9",3,3,0,0
"SRSF5",3,3,0,0
"SRSF6",3,3,0,0
"TRIM28",3,3,0,0
"NMI",3,1,0,2
"PABPC4",3,3,0,0
"IFIT5",3,3,0,0
"MTA1",3,3,0,0
"EIF3I",3,3,0,0
"PPIL2",3,3,0,0
"CTBP1",3,3,0,0
"MRPL49",2,3,1,0
"DYNC1I2",3,3,0,0
"ORC1",3,1,0,2
"ILK",2,3,1,0
"IKZF1",3,3,0,0
"NNT",3,3,0,0
"XRCC4",3,3,0,0
"PPIG",3,3,0,0
"TCOF1",3,3,0,0
"SF3B2",3,3,0,0
"GOLGA4",2,2,2,0
"PDAP1",2,1,1,2
"FKBP5",3,3,0,0
"MYO9B",3,3,0,0
"ROCK1",3,3,0,0
"NFATC2",3,3,0,0
"TOP3A",3,3,0,0
"BIRC2",3,3,0,0
"PICALM",3,3,0,0
"MTM1",2,3,1,0
"SQSTM1",2,2,2,0
"MED21",3,3,0,0
"MTX1",2,1,1,2
"PRP4K",3,3,0,0
"RIPK1",2,0,1,3
"HDAC1",3,3,0,0
"CAMK2G",3,3,0,0
"CAMK2D",3,3,0,0
"DCTN2",3,3,0,0
"LAPTM5",3,3,0,0
"SNW1",3,3,0,0
"DGKZ",3,3,0,0
"IQGAP2",3,3,0,0
"STIM1",3,3,0,0
"TRA2A",3,3,0,0
"SNX1",3,3,0,0
"KRR1",3,3,0,0
"PWP1",3,3,0,0
"MTMR1",3,3,0,0
"MTMR2",3,3,0,0
"CUL1",3,3,0,0
"CUL2",3,3,0,0
"CUL3",3,3,0,0
"CUL4A",3,3,0,0
"CUL4B",2,0,1,3
"DYRK1A",3,3,0,0
"GFUS",3,3,0,0
"AAMP",3,3,0,0
"MOGS",3,3,0,0
"RUNX3",3,3,0,0
"THOC5",3,3,0,0
"SPTAN1",3,3,0,0
"GNL2",3,3,0,0
"PKP1",3,3,0,0
"DDX39B",3,3,0,0
"BLMH",3,3,0,0
"EXOSC2",3,3,0,0
"SNTB1",3,3,0,0
"TUBB2A",2,1,1,2
"GTF2H2",3,3,0,0
"GTF2H3",3,3,0,0
"BYSL",3,3,0,0
"C1D",2,1,1,2
"PDE7A",3,3,0,0
"CBFB",3,3,0,0
"CDK13",3,3,0,0
"IL16",3,3,0,0
"CKAP5",3,3,0,0
"CIRBP",3,3,0,0
"RAB33A",2,1,1,2
"HNRNPD",3,3,0,0
"BOP1",3,3,0,0
"UBE4A",2,0,1,3
"SEPTIN6",3,3,0,0
"TRIM14",3,3,0,0
"KEAP1",3,3,0,0
"DHX34",3,2,1,0
"MORC3",2,2,2,0
"SAFB2",3,3,0,0
"EIF3A",3,3,0,0
"ARHGEF7",1,3,0,2
"EFR3A",3,3,0,0
"UBAP2L",3,3,0,0
"SCRIB",3,3,0,0
"MLEC",3,3,0,0
"TTLL12",3,3,0,0
"WRN",3,3,0,0
"DCTN1",3,3,0,0
"DYNC1H1",3,3,0,0
"NPAT",3,3,0,0
"EIF2B1",3,3,0,0
"EIF4A2",3,3,0,0
"ELOA",3,3,0,0
"MAP7",3,3,0,0
"RCN2",3,3,0,0
"TRIM25",3,3,0,0
"FKBP8",3,3,0,0
"FAM50A",3,3,0,0
"FRG1",3,3,0,0
"GNA13",3,3,0,0
"CAPRIN1",3,3,0,0
"SLBP",3,3,0,0
"RBM39",3,3,0,0
"HLTF",3,3,0,0
"HNF4G",3,3,0,0
"PDIA5",3,3,0,0
"PRPSAP1",3,3,0,0
"DHX8",3,3,0,0
"MCM6",3,3,0,0
"HSP90AA2P",1,2,1,2
"ITPR2",3,3,0,0
"DSC3",3,3,0,0
"NBR1",3,3,0,0
"ITPR1",3,3,0,0
"RASA3",3,3,0,0
"TRIP12",3,3,0,0
"PUM1",3,3,0,0
"CLINT1",3,3,0,0
"KANK1",3,2,1,0
"MELK",3,3,0,0
"SMC1A",3,3,0,0
"RRP1B",3,3,0,0
"GSE1",3,3,0,0
"PDCD11",3,3,0,0
"GINS1",1,2,1,2
"BMS1",3,3,0,0
"USP10",3,3,0,0
"GANAB",3,3,0,0
"RFTN1",3,3,0,0
"PPP2R5D",3,2,1,0
"LBR",3,3,0,0
"PTPRCAP",2,2,2,0
"STAT4",3,3,0,0
"CBX2",3,3,0,0
"CASP8",3,2,1,0
"NAA30",3,3,0,0
"KIF22",3,3,0,0
"MEF2D",2,2,2,0
"CHD4",3,3,0,0
"LASP1",3,3,0,0
"DRAP1",3,3,0,0
"NFIX",3,3,0,0
"ZNF638",3,3,0,0
"KPNB1",3,3,0,0
"NOLC1",3,3,0,0
"NUMA1",3,3,0,0
"SHPRH",3,3,0,0
"GAPVD1",3,3,0,0
"ARHGAP19",2,2,2,0
"ATXN7L3",3,3,0,0
"NAA25",2,0,1,3
"NCAPH",3,3,0,0
"EMC2",2,1,1,2
"WTAP",3,3,0,0
"PSMD6",3,3,0,0
"MORF4L2",3,3,0,0
"ABRAXAS2",2,2,2,0
"SEPTIN2",3,3,0,0
"SART3",3,3,0,0
"NCAPD2",3,3,0,0
"SUZ12",3,3,0,0
"EXOSC7",3,3,0,0
"ACAP1",3,3,0,0
"EFTUD2",3,3,0,0
"LARS2",2,3,1,0
"R3HDM1",3,3,0,0
"KARS1",3,3,0,0
"MLC1",2,3,1,0
"RRS1",3,3,0,0
"IQCB1",3,3,0,0
"ARHGEF6",3,3,0,0
"POLD3",3,3,0,0
"EIF4H",3,3,0,0
"KIF14",3,3,0,0
"WDR43",3,2,1,0
"ZNF146",3,3,0,0
"EEA1",3,0,0,3
"PDIA6",3,3,0,0
"PAFAH1B3",3,3,0,0
"PDK3",3,3,0,0
"EBP",3,3,0,0
"PLCB4",3,3,0,0
"PLEC",3,3,0,0
"PCM1",3,3,0,0
"PPA1",3,3,0,0
"NECTIN1",2,1,1,2
"NONO",3,3,0,0
"PTPA",2,1,1,2
"PWP2",3,3,0,0
"RASA2",3,3,0,0
"RAB35",2,0,1,3
"RNPS1",3,3,0,0
"RBBP5",3,3,0,0
"RALBP1",3,3,0,0
"LRRC41",2,3,1,0
"TTF1",3,3,0,0
"TMED2",3,3,0,0
"PCBP1",3,3,0,0
"PCBP2",3,3,0,0
"ELOC",3,3,0,0
"ELOB",3,3,0,0
"TOMM20",3,3,0,0
"SF3B3",3,3,0,0
"PUM3",3,3,0,0
"RSU1",3,3,0,0
"SAFB",3,3,0,0
"SF3B4",3,3,0,0
"SF3A2",3,3,0,0
"PPP1R7",1,2,1,2
"SEC23A",3,3,0,0
"SEC23B",3,3,0,0
"CYTH1",3,2,1,0
"SF3A1",3,3,0,0
"SKIC2",3,2,1,0
"CDSN",3,3,0,0
"SURF2",3,3,0,0
"MED22",3,3,0,0
"TAF5",3,3,0,0
"TAF13",3,3,0,0
"TAF11",3,3,0,0
"TAF7",3,3,0,0
"TERF2",3,3,0,0
"MAPRE2",3,3,0,0
"TCEA2",3,2,1,0
"TAF1C",3,3,0,0
"TAF1A",3,3,0,0
"TSN",3,3,0,0
"TARBP2",3,3,0,0
"SF1",3,3,0,0
"TRIP13",3,3,0,0
"MED1",3,3,0,0
"TRIP4",3,3,0,0
"JMJD1C",3,3,0,0
"MAPRE1",3,3,0,0
"ZRSR2",3,3,0,0
"ELAVL1",3,3,0,0
"ELF2",3,3,0,0
"NSDHL",2,1,1,2
"SLC1A5",3,3,0,0
"MLF2",3,3,0,0
"ZKSCAN8",3,3,0,0
"TOMM34",3,3,0,0
"SMAD2",3,3,0,0
"UBE2V2",3,3,0,0
"NEDD8",3,3,0,0
"VPS72",1,2,1,2
"RAB11B",3,3,0,0
"EZH2",3,3,0,0
"ZYX",3,3,0,0
"SEPTIN7",3,3,0,0
"ADRM1",3,3,0,0
"CCDC6",3,3,0,0
"PDCD2",3,3,0,0
"PSMD5",3,3,0,0
"PKN1",3,3,0,0
"PKN2",3,2,1,0
"TAF12",3,3,0,0
"DDB1",3,3,0,0
"SNAPC1",3,3,0,0
"PPP2R5E",0,3,0,3
"MAPK14",3,3,0,0
"MRPL23",3,1,0,2
"CDC37",3,3,0,0
"DPYSL2",3,3,0,0
"SNRNP35",3,3,0,0
"SYPL1",3,0,0,3
"RBBP7",3,3,0,0
"MAP3K11",3,3,0,0
"TAF9",3,3,0,0
"ECM1",2,2,2,0
"SRSF7",3,3,0,0
"CPSF6",3,3,0,0
"SMN1",3,3,0,0
"MAPKAPK3",3,3,0,0
"FSCN1",3,3,0,0
"IFI16",3,3,0,0
"ZSCAN26",3,3,0,0
"CYP1B1",3,3,0,0
"DECR1",3,3,0,0
"CLPP",2,3,1,0
"UBE2S",3,3,0,0
"NDUFA9",3,3,0,0
"PCK2",1,2,1,2
"HADH",3,3,0,0
"UGP2",3,3,0,0
"PFKFB3",2,3,1,0
"PFKFB4",2,2,2,0
"TXNRD1",2,2,2,0
"IMMT",3,3,0,0
"GEN1",3,3,0,0
"KNOP1",3,3,0,0
"HNRNPUL2",3,3,0,0
"INF2",3,3,0,0
"PDS5A",3,3,0,0
"MTHFSD",2,3,1,0
"AAK1",3,3,0,0
"WASHC4",3,3,0,0
"ERCC6L",3,3,0,0
"TSR1",3,3,0,0
"TRIM71",3,3,0,0
"PWWP3A",3,2,1,0
"SMU1",3,3,0,0
"ZNF800",3,3,0,0
"ASTE1",3,3,0,0
"CWF19L2",3,3,0,0
"EIF2S3B",3,3,0,0
"LRRFIP1",3,3,0,0
"RMP24",3,3,0,0
"P3H1",3,2,1,0
"TRMT5",2,2,2,0
"EML3",3,3,0,0
"POLR1F",3,3,0,0
"MAP7D1",3,3,0,0
"UAP1L1",3,3,0,0
"LSM12",3,3,0,0
"GON4L",3,3,0,0
"CCDC88A",3,3,0,0
"RABL6",3,3,0,0
"TIMM50",3,3,0,0
"PARP14",3,3,0,0
"GLYR1",3,3,0,0
"ZBED5",3,0,0,3
"TTC31",3,3,0,0
"C2CD3",2,2,2,0
"VPS26B",2,3,1,0
"LARP7",3,3,0,0
"NADK2",2,3,1,0
"TBC1D10B",3,3,0,0
"TPRN",3,2,1,0
"ARID4B",2,1,1,2
"ZNG1F",3,3,0,0
"BCL7A",3,3,0,0
"SYTL3",3,3,0,0
"PABPC1L",3,3,0,0
"TIGD2",3,3,0,0
"PAN2",3,3,0,0
"FAM98B",3,3,0,0
"PDCD4",3,3,0,0
"FNDC3B",3,2,1,0
"CEP55",3,3,0,0
"NCBP3",3,3,0,0
"ORMDL2",3,3,0,0
"PLEKHO1",3,3,0,0
"HSD17B12",3,3,0,0
"USP39",3,3,0,0
"AGK",3,3,0,0
"PYCR3",3,3,0,0
"UNC50",3,3,0,0
"CDCA8",3,3,0,0
"ARHGAP15",3,3,0,0
"ASPRV1",3,2,1,0
"COBLL1",2,3,1,0
"TAF1B",3,3,0,0
"INO80D",3,3,0,0
"SGO2",3,3,0,0
"ACTBL2",3,3,0,0
"ESCO2",3,3,0,0
"PAN3",3,3,0,0
"PLEKHG4",2,0,1,3
"ODF2",3,3,0,0
"FAM133B",3,3,0,0
"ZNF326",3,3,0,0
"NOM1",3,3,0,0
"FLG2",3,3,0,0
"DNAJC21",3,3,0,0
"ESCO1",3,3,0,0
"PPP6R3",3,3,0,0
"DDX60L",3,3,0,0
"RABL3",2,1,1,2
"FAM76B",3,3,0,0
"NHSL2",2,3,1,0
"EMC4",2,0,1,3
"RPS26P11",3,3,0,0
"GCSAML",3,3,0,0
"PITRM1",2,1,1,2
"DOCK11",3,3,0,0
"PRRC2B",3,3,0,0
"AMER1",2,2,2,0
"RRP12",3,3,0,0
"TOR1AIP1",3,0,0,3
"CEP78",3,3,0,0
"PCID2",3,3,0,0
"SAMD9",3,3,0,0
"SAMD4B",2,2,2,0
"BRMS1L",2,1,1,2
"DNTTIP2",3,1,0,2
"COX20",2,1,1,2
"EXOSC6",3,3,0,0
"TTC39A",3,3,0,0
"HP1BP3",3,3,0,0
"ZMYM1",3,3,0,0
"CEP170",3,3,0,0
"LDLRAP1",3,2,1,0
"NOL9",3,3,0,0
"CEP85L",2,1,1,2
"ZNF362",3,3,0,0
"FKBP15",3,3,0,0
"HIVEP3",2,0,1,3
"ZC3H13",3,3,0,0
"SPOUT1",3,3,0,0
"OTUD3",3,3,0,0
"GPATCH4",3,3,0,0
"IBA57",3,3,0,0
"STXBP5",2,1,1,2
"CAMSAP1",3,2,1,0
"UBAP2",3,3,0,0
"PHF19",3,3,0,0
"KPRP",3,3,0,0
"EEIG2",3,3,0,0
"RBM26",3,3,0,0
"ATAD3B",3,3,0,0
"EEIG1",2,2,2,0
"DCAF8",2,3,1,0
"RNASEH2B",2,3,1,0
"RC3H1",3,3,0,0
"H3-7",3,3,0,0
"THEMIS2",3,3,0,0
"AHDC1",3,3,0,0
"LIN9",2,2,2,0
"RIF1",3,3,0,0
"GKAP1",3,2,1,0
"CEP350",3,3,0,0
"CDC42BPA",3,3,0,0
"RNF220",2,3,1,0
"GFI1B",3,3,0,0
"PRPF38B",3,3,0,0
"RNF20",3,1,0,2
"ZNF318",3,3,0,0
"SFMBT2",3,3,0,0
"CDKAL1",3,3,0,0
"ZNF691",3,3,0,0
"FOCAD",2,1,1,2
"TAF3",3,3,0,0
"RSBN1",3,3,0,0
"ECPAS",3,3,0,0
"TUT7",3,3,0,0
"SLX4IP",3,3,0,0
"NAA35",3,3,0,0
"ZMYM4",3,3,0,0
"OBI1",2,2,2,0
"MICOS13",3,3,0,0
"RNF213",3,3,0,0
"WASHC2A",3,2,1,0
"STEAP3",3,3,0,0
"FAM91A1",3,3,0,0
"ICE2",3,3,0,0
"LARP1B",3,1,0,2
"MAP1S",3,3,0,0
"E4F1",2,3,1,0
"PPP2R2D",3,3,0,0
"ARL6IP4",3,3,0,0
"ARID2",3,3,0,0
"UTP25",3,3,0,0
"TNS3",3,3,0,0
"HAUS3",2,2,2,0
"SPTY2D1",3,3,0,0
"MBLAC2",3,1,0,2
"MSL1",3,3,0,0
"CDCA2",3,3,0,0
"CWF19L1",2,3,1,0
"VIRMA",3,3,0,0
"SPECC1L",3,3,0,0
"BICRAL",3,3,0,0
"ZNF787",3,3,0,0
"ATL3",3,3,0,0
"RPL7L1",3,3,0,0
"H2BC20P",3,3,0,0
"MCTP2",3,3,0,0
"IQSEC1",3,3,0,0
"CARMIL2",3,3,0,0
"CIAPIN1",2,2,2,0
"RALGAPA1",3,2,1,0
"THOC7",3,3,0,0
"SIGIRR",2,1,1,2
"TWF2",3,3,0,0
"NCAPH2",3,3,0,0
"SNRNP48",3,3,0,0
"MRM1",3,3,0,0
"PPP4R3A",3,2,1,0
"TYW3",3,3,0,0
"SDE2",3,2,1,0
"RCSD1",3,3,0,0
"PYHIN1",2,1,1,2
"NIPBL",3,3,0,0
"PRR5L",3,2,1,0
"HMBOX1",3,3,0,0
"REEP3",2,3,1,0
"RMP64",3,3,0,0
"TAPT1",3,2,1,0
"PPP1R18",3,3,0,0
"ZCCHC8",3,3,0,0
"RPUSD3",2,1,1,2
"MIS18BP1",3,3,0,0
"DHX57",3,3,0,0
"MRPL54",3,3,0,0
"ERAP2",3,3,0,0
"CDC73",3,3,0,0
"MRPL14",3,3,0,0
"SLC27A4",2,2,2,0
"ARMCX5",2,2,2,0
"CC2D1A",3,3,0,0
"DUS1L",3,3,0,0
"TAF2",3,3,0,0
"MED27",3,3,0,0
"ZFP1",3,3,0,0
"EDC4",3,3,0,0
"CEP85",2,3,1,0
"PRPF8",3,3,0,0
"SFXN4",3,3,0,0
"PLBD1",3,3,0,0
"NFRKB",3,3,0,0
"RPL22L1",3,3,0,0
"ALKBH5",3,3,0,0
"PDXDC1",2,0,1,3
"RSBN1L",3,3,0,0
"CTR9",3,3,0,0
"SKIC3",3,2,1,0
"KCTD18",3,3,0,0
"DARS2",2,3,1,0
"INO80C",3,3,0,0
"TTC33",3,3,0,0
"TRIM65",3,2,1,0
"MIDEAS",3,3,0,0
"WDR59",0,2,1,3
"DCLRE1A",2,3,1,0
"ZC3H14",3,3,0,0
"CCDC137",3,3,0,0
"LARP1",3,3,0,0
"ATAD2",3,3,0,0
"RICTOR",3,3,0,0
"WDR74",3,3,0,0
"AGTRAP",3,2,1,0
"NHS",3,3,0,0
"MTHFD1L",3,3,0,0
"ANKRD12",3,3,0,0
"ANKRD11",3,3,0,0
"AFTPH",3,0,0,3
"FIP1L1",3,3,0,0
"LCLAT1",1,2,1,2
"SBSN",3,3,0,0
"PRSS57",3,3,0,0
"ABRAXAS1",3,3,0,0
"CWC27",3,3,0,0
"WDR82",3,3,0,0
"ZNF562",3,3,0,0
"RANBP10",3,3,0,0
"PACS1",3,3,0,0
"BCOR",3,2,1,0
"MPRIP",3,3,0,0
"RAB11FIP1",3,3,0,0
"DNAJC14",2,2,2,0
"GIGYF2",3,3,0,0
"CD109",3,3,0,0
"PPP1R21",3,3,0,0
"SYNE3",3,3,0,0
"ZNF574",3,3,0,0
"NFXL1",3,3,0,0
"Unannotated_2301",3,3,0,0
"UBR3",1,2,1,2
"BARGIN",2,1,1,2
"CRACD",3,3,0,0
"UBN2",3,3,0,0
"NKAPD1",3,3,0,0
"NCCRP1",3,3,0,0
"PAXIP1",2,0,1,3
"GTF2H5",3,2,1,0
"VPS13C",3,3,0,0
"USP34",3,3,0,0
"USP51",2,3,1,0
"UNC13D",3,3,0,0
"CENPU",3,3,0,0
"MED13L",3,3,0,0
"LARP4",3,3,0,0
"MED25",3,3,0,0
"TUBA1A",3,3,0,0
"RPS27L",3,3,0,0
"CBLL1",3,3,0,0
"SSH2",3,3,0,0
"ASXL2",3,1,0,2
"SUPT6H",3,2,1,0
"SND1",3,3,0,0
"MARK2",3,3,0,0
"DDX46",3,3,0,0
"RUFY3",3,3,0,0
"TRMT10C",3,3,0,0
"BZW1",2,3,1,0
"LRRC8D",3,3,0,0
"DHX30",3,3,0,0
"EIF3M",3,3,0,0
"MEPCE",3,3,0,0
"PARS2",3,3,0,0
"RSRC2",3,3,0,0
"CYFIP1",3,3,0,0
"MCM10",3,3,0,0
"MAEA",3,3,0,0
"EPM2AIP1",3,3,0,0
"TAOK1",3,3,0,0
"RAB11FIP2",3,3,0,0
"VASH1",3,3,0,0
"KDM3B",3,3,0,0
"RASGRP2",3,3,0,0
"HS2ST1",3,3,0,0
"MICAL3",3,3,0,0
"PHF5A",3,3,0,0
"APTX",3,3,0,0
"TRMT1L",3,3,0,0
"ZC3HAV1",3,3,0,0
"MRPL21",3,3,0,0
"TICRR",1,3,0,2
"SETX",3,3,0,0
"NEGR1",3,1,0,2
"KANSL1",3,2,1,0
"NUP54",2,3,1,0
"POGZ",3,3,0,0
"NUFIP2",3,3,0,0
"MAVS",3,1,0,2
"CLASP1",3,3,0,0
"DHX29",3,3,0,0
"TRMT11",3,3,0,0
"HAUS6",3,3,0,0
"HEATR3",3,2,1,0
"KIF21A",3,3,0,0
"HDGFL2",3,3,0,0
"DCXR",3,3,0,0
"BRAP",3,3,0,0
"EMSY",3,3,0,0
"GOLGA7",3,3,0,0
"WAPL",3,3,0,0
"IRF2BP2",3,3,0,0
"KCTD20",1,3,0,2
"NET1",3,2,1,0
"RBBP6",3,3,0,0
"ARHGAP30",3,3,0,0
"TSEN54",3,3,0,0
"HUWE1",3,3,0,0
"YTHDF3",3,3,0,0
"CNTRL",2,2,2,0
"PXK",3,3,0,0
"TAF8",3,3,0,0
"MRPL55",3,3,0,0
"CLNK",2,0,1,3
"CMC1",3,2,1,0
"CENPV",3,2,1,0
"TEDC1",2,2,2,0
"TRAPPC6B",3,2,1,0
"PATL1",3,3,0,0
"DPP9",3,1,0,2
"TADA2B",3,3,0,0
"TRPT1",3,3,0,0
"SETD3",2,3,1,0
"NOP9",3,3,0,0
"PABPN1",3,3,0,0
"METTL3",3,3,0,0
"LDB1",3,3,0,0
"PBRM1",3,3,0,0
"MTDH",3,3,0,0
"TLK2",3,3,0,0
"ZNF598",3,3,0,0
"KTN1",3,3,0,0
"LHFPL3",3,3,0,0
"SMG6",3,3,0,0
"CENATAC",3,3,0,0
"N4BP2",3,3,0,0
"FERMT3",3,3,0,0
"NAA40",3,3,0,0
"AACS",2,2,2,0
"LUZP1",3,3,0,0
"ALYREF",3,3,0,0
"MYPOP",3,3,0,0
"ZC3H18",3,3,0,0
"TAX1BP1",3,2,1,0
"CAND1",3,3,0,0
"HOOK3",2,3,1,0
"NLRP13",2,3,1,0
"THOC6",3,3,0,0
"METTL16",1,2,1,2
"LONP2",3,3,0,0
"SBF2",3,3,0,0
"CHD1L",3,3,0,0
"RPS19BP1",3,3,0,0
"RALGAPB",3,3,0,0
"CHSY1",2,3,1,0
"CARM1",3,3,0,0
"CIRSR",3,3,0,0
"PPP1R3B",0,2,1,3
"GAS2L3",3,3,0,0
"FBXO11",3,3,0,0
"DDX42",3,3,0,0
"CEP57",3,3,0,0
"SPATS2",3,3,0,0
"VRK2",3,3,0,0
"COL23A1",1,3,0,2
"NDUFA11",2,2,2,0
"PTRH1",3,3,0,0
"KIF18B",3,2,1,0
"NRROS",3,1,0,2
"GATAD2A",3,3,0,0
"CPNE8",3,3,0,0
"GPSM1",3,1,0,2
"C2CD5",3,3,0,0
"MIB1",3,3,0,0
"RASAL3",3,3,0,0
"HRNR",3,3,0,0
"IRF2BP1",2,0,1,3
"H2AC21",3,3,0,0
"RIOX2",3,3,0,0
"RBM45",3,3,0,0
"CRLF3",3,0,0,3
"ARMC8",3,3,0,0
"TBC1D10C",3,3,0,0
"PLD3",3,0,0,3
"ERI1",3,3,0,0
"VRK3",3,3,0,0
"FMNL3",3,2,1,0
"MAP4K3",1,3,0,2
"CCDC50",3,3,0,0
"MCAT",3,2,1,0
"KSR1",2,1,1,2
"CEP97",3,2,1,0
"WDR75",3,3,0,0
"MAP7D3",3,3,0,0
"MGA",3,3,0,0
"ZC3H7A",3,3,0,0
"PHF6",3,3,0,0
"CHERP",3,3,0,0
"ANKHD1",3,3,0,0
"SUGP1",3,3,0,0
"SUGP2",3,3,0,0
"CCAR1",3,3,0,0
"DHX40",3,3,0,0
"DNAJC10",3,3,0,0
"PHC2",3,3,0,0
"BACC1",3,3,0,0
"MRPL41",2,3,1,0
"GPALPP1",3,3,0,0
"KLHL7",3,3,0,0
"PARP9",3,3,0,0
"RBM12B",3,3,0,0
"RPAP2",3,3,0,0
"PNPLA6",3,3,0,0
"SMC5",3,3,0,0
"DDX60",3,3,0,0
"DHX37",3,3,0,0
"AMOTL1",3,1,0,2
"RAVER1",3,3,0,0
"FTSJ3",3,3,0,0
"SLX4",3,3,0,0
"TMEM192",1,2,1,2
"CKAP2L",3,3,0,0
"SRRM1",3,3,0,0
"SMAP1",3,3,0,0
"SUPV3L1",2,1,1,2
"GSPT2",3,3,0,0
"SYTL1",3,3,0,0
"C1orf174",3,3,0,0
"TRIM22",2,0,1,3
"PM20D2",3,3,0,0
"MICU2",3,3,0,0
"TRMT2A",3,3,0,0
"ALDH16A1",2,1,1,2
"XRN1",3,3,0,0
"PELP1",3,3,0,0
"ABI1",3,3,0,0
"SELENOH",3,3,0,0
"ASPM",3,3,0,0
"RBIS",3,3,0,0
"RBFA",3,3,0,0
"SPART",3,3,0,0
"ZNF444",2,2,2,0
"SPICE1",2,3,1,0
"PUSL1",3,3,0,0
"MIER1",2,1,1,2
"RPTOR",3,3,0,0
"TMEM123",2,3,1,0
"ORMDL3",3,3,0,0
"CCAR2",3,3,0,0
"NUP93",3,3,0,0
"ZNF687",3,3,0,0
"REXO1",3,2,1,0
"CMTR1",3,3,0,0
"LRRC47",3,3,0,0
"INTS1",3,3,0,0
"ABHD12",3,3,0,0
"CLASRP",3,3,0,0
"GPD1L",2,1,1,2
"ASCC3",3,3,0,0
"EHBP1L1",0,3,0,3
"FNBP4",3,3,0,0
"GUF1",3,3,0,0
"NIN",3,3,0,0
"MINK1",1,2,1,2
"FBXL6",3,1,0,2
"ZCCHC9",3,3,0,0
"MPND",3,3,0,0
"ZGPAT",3,3,0,0
"SRBD1",3,3,0,0
"NKAP",3,3,0,0
"MACO1",3,3,0,0
"SH2D3C",3,3,0,0
"RPP25L",3,3,0,0
"MRPL50",3,1,0,2
"ZC3H8",3,3,0,0
"RNF10",2,2,2,0
"RFLNB",3,3,0,0
"MSL3",3,3,0,0
"CPSF7",3,3,0,0
"ARFGAP2",2,2,2,0
"OTUD6B",3,3,0,0
"METTL13",3,3,0,0
"ARFGAP1",3,2,1,0
"EMC1",3,3,0,0
"PAF1",3,3,0,0
"POM121L12",3,3,0,0
"UBR7",3,3,0,0
"CGAS",3,3,0,0
"DDX51",3,3,0,0
"PDCD7",3,3,0,0
"GPATCH11",3,3,0,0
"JMY",3,3,0,0
"C19orf47",3,3,0,0
"ASCC1",3,3,0,0
"SREK1IP1",3,3,0,0
"KRI1",3,3,0,0
"ZNF579",3,3,0,0
"PRPF38A",3,3,0,0
"AFG2A",3,3,0,0
"NHLRC2",2,1,1,2
"SLC43A3",3,3,0,0
"COLGALT1",2,2,2,0
"SUMF2",2,2,2,0
"UBAC2",3,3,0,0
"HSD17B11",3,3,0,0
"TXNDC5",3,3,0,0
"SCCPDH",2,2,2,0
"INO80E",3,3,0,0
"SERBP1",3,3,0,0
"LEMD2",3,3,0,0
"NOA1",3,3,0,0
"NECAP1",3,3,0,0
"FAM98A",3,3,0,0
"HJURP",3,3,0,0
"TSEN2",3,3,0,0
"NFATC2IP",1,2,1,2
"SPRYD3",3,3,0,0
"PDPR",3,3,0,0
"SMG8",3,3,0,0
"RNF214",3,3,0,0
"LSM14A",3,3,0,0
"CCNY",3,3,0,0
"BANK1",3,3,0,0
"TENT4B",3,2,1,0
"EHBP1",3,3,0,0
"RBM15B",3,3,0,0
"TNRC6A",3,3,0,0
"PSD4",3,3,0,0
"DIPK2A",3,3,0,0
"ABCF1",3,3,0,0
"PIK3C3",3,3,0,0
"SRFBP1",3,3,0,0
"NGDN",3,3,0,0
"DDHD1",1,2,1,2
"SHCBP1",3,3,0,0
"SUPT20H",3,3,0,0
"SDR9C7",1,3,0,2
"PPHLN1",3,3,0,0
"KMT2C",3,3,0,0
"LPCAT1",3,3,0,0
"DOCK8",3,3,0,0
"BOD1L1",3,3,0,0
"ARID1B",3,3,0,0
"NUP35",3,3,0,0
"CMAS",3,3,0,0
"TRIM58",3,2,1,0
"KNL1",3,3,0,0
"KDM2B",3,3,0,0
"DDX55",3,3,0,0
"THOC2",3,3,0,0
"WDR36",3,3,0,0
"KIF18A",3,3,0,0
"RP9",3,3,0,0
"VANGL1",3,3,0,0
"SNIP1",3,3,0,0
"GADD45GIP1",3,3,0,0
"WDR48",3,3,0,0
"EXOC6",3,3,0,0
"SMARCC2",3,3,0,0
"FAM76A",3,3,0,0
"KLHDC4",3,3,0,0
"ZCRB1",3,3,0,0
"ZCCHC10",2,3,1,0
"PIP4K2C",3,3,0,0
"TRMT10A",3,3,0,0
"TBC1D15",3,3,0,0
"RDH11",3,3,0,0
"STT3B",3,3,0,0
"PNPT1",3,3,0,0
"HM13",2,3,1,0
"NEK9",3,3,0,0
"CHD6",3,3,0,0
"GPT2",3,3,0,0
"DTX3L",3,3,0,0
"DDX54",3,3,0,0
"CABLES1",3,3,0,0
"BRIX1",3,3,0,0
"STK35",2,3,1,0
"NEK7",3,3,0,0
"DTD1",2,3,1,0
"UTP15",3,3,0,0
"DOT1L",3,3,0,0
"NUP210",3,3,0,0
"GEMIN5",3,3,0,0
"RAPGEF6",3,3,0,0
"PARD3",3,3,0,0
"IPO4",3,1,0,2
"PNISR",3,3,0,0
"UBASH3B",3,3,0,0
"DIS3L",3,3,0,0
"ZNF384",3,3,0,0
"NOC3L",3,3,0,0
"U2AF1L4",3,3,0,0
"ZC3H15",3,3,0,0
"PPIL4",3,3,0,0
"GTF3C2",3,3,0,0
"PHF10",3,3,0,0
"CCDC12",3,3,0,0
"PTPMT1",3,3,0,0
"NUP133",3,3,0,0
"PDCD6IP",3,3,0,0
"CACTIN",3,3,0,0
"GATAD1",3,2,1,0
"BRK1",3,3,0,0
"THEM6",2,3,1,0
"DEPDC1B",3,3,0,0
"BCL7C",3,3,0,0
"NSMCE1",3,3,0,0
"TRIM41",2,1,1,2
"MITD1",3,3,0,0
"CHTF18",3,3,0,0
"LEO1",3,3,0,0
"RNF138",3,3,0,0
"UQCC5",1,2,1,2
"SNRNP27",3,3,0,0
"TFB1M",3,3,0,0
"SCFD1",3,2,1,0
"TNFAIP8L1",3,3,0,0
"DYNC2I1",3,3,0,0
"POF1B",2,3,1,0
"FAR1",3,3,0,0
"PCNP",2,3,1,0
"LMO7",3,3,0,0
"CKAP2",3,3,0,0
"ATXN2L",3,3,0,0
"GAB3",3,3,0,0
"PRPF31",3,3,0,0
"NELFB",3,3,0,0
"SREK1",3,3,0,0
"GEMIN6",3,3,0,0
"ATRIP",0,2,1,3
"STON2",3,3,0,0
"PSPC1",3,3,0,0
"MADD",2,0,1,3
"GATAD2B",3,3,0,0
"DNAJC9",3,3,0,0
"BRI3BP",3,3,0,0
"BBX",3,3,0,0
"THAP4",3,3,0,0
"ING5",3,3,0,0
"SSH1",2,1,1,2
"DGCR8",3,3,0,0
"TTN",3,3,0,0
"KLHL6",2,3,1,0
"CLEC2B",2,3,1,0
"DDX1",3,3,0,0
"H1-10",3,3,0,0
"CCT6B",3,2,1,0
"RTF1",3,3,0,0
"TOPBP1",3,3,0,0
"MRPS27",3,3,0,0
"ELMO1",3,3,0,0
"WASF1",3,3,0,0
"BAP1",3,3,0,0
"AP3S1",3,3,0,0
"TSC1",3,3,0,0
"UBXN4",3,3,0,0
"PHF3",3,3,0,0
"HSPH1",3,3,0,0
"CNOT9",3,3,0,0
"DOCK2",3,3,0,0
"TBC1D5",3,3,0,0
"ZNF592",3,3,0,0
"MYO18A",3,3,0,0
"LARP4B",3,3,0,0
"GCN1",3,3,0,0
"ARHGAP45",3,3,0,0
"DHX38",3,3,0,0
"GTF3A",3,3,0,0
"MRPS31",3,3,0,0
"ANP32B",3,3,0,0
"PRCC",3,2,1,0
"TFG",3,3,0,0
"USP6NL",3,3,0,0
"ARPC1A",3,3,0,0
"GTF2H4",3,3,0,0
"RREB1",3,3,0,0
"HDAC2",3,3,0,0
"DPF2",3,3,0,0
"CREBBP",3,1,0,2
"KAT6A",3,3,0,0
"SYMPK",3,3,0,0
"TAF15",3,3,0,0
"GGH",3,3,0,0
"KAT2B",3,3,0,0
"JARID2",3,3,0,0
"INPP5D",3,3,0,0
"DDX17",3,3,0,0
"RAD50",2,2,2,0
"ARHGEF1",3,3,0,0
"ERCC4",3,3,0,0
"UFD1",2,2,2,0
"GLG1",3,0,0,3
"UPF1",3,3,0,0
"GPKOW",3,3,0,0
"MAP4K1",2,1,1,2
"SMARCC1",3,3,0,0
"SMARCD2",3,3,0,0
"RAB8B",2,2,2,0
"KHSRP",3,3,0,0
"GCDH",3,3,0,0
"TNPO1",2,3,1,0
"ARHGEF2",3,3,0,0
"EMG1",3,3,0,0
"USP13",2,1,1,2
"DVL3",2,2,2,0
"USP9X",2,2,2,0
"USP7",3,3,0,0
"CD101",3,1,0,2
"CUL5",3,3,0,0
"RBPMS",3,3,0,0
"SECISBP2L",2,2,2,0
"MED12",3,3,0,0
"H2AC6",3,3,0,0
"GTF3C6",3,0,0,3
"SMARCE1",3,3,0,0
"RNF34",1,3,0,2
"RPL36AL",3,3,0,0
"L3MBTL2",3,3,0,0
"NEIL2",3,3,0,0
"ZNF622",3,3,0,0
"NCLN",3,3,0,0
"ERGIC1",3,3,0,0
"UTP4",3,3,0,0
"CCDC47",3,3,0,0
"EXOC4",3,3,0,0
"MAGOHB",3,2,1,0
"FUBP1",3,3,0,0
"LRRC59",3,3,0,0
"NABP1",2,1,1,2
"VPS33A",3,3,0,0
"EME1",3,3,0,0
"ARK2N",2,2,2,0
"EXOSC8",3,3,0,0
"SH3KBP1",3,3,0,0
"PINX1",3,3,0,0
"TADA1",3,3,0,0
"CHCHD1",3,3,0,0
"PPWD1",3,3,0,0
"TESC",3,2,1,0
"ALKBH8",3,3,0,0
"TAMM41",3,3,0,0
"DOCK10",3,3,0,0
"EFHD2",3,3,0,0
"SYTL4",3,3,0,0
"PYCR2",3,3,0,0
"CUSTOS",3,3,0,0
"DCPS",3,3,0,0
"PPP1R14B",2,3,1,0
"INTS12",3,3,0,0
"NSUN4",2,3,1,0
"ZNF653",2,2,2,0
"RPUSD4",3,3,0,0
"EVI5L",1,3,0,2
"FAF2",3,3,0,0
"CCDC124",3,3,0,0
"FOXRED1",3,3,0,0
"AP2M1",3,3,0,0
"TUBGCP3",3,3,0,0
"NMD3",3,3,0,0
"REPS1",3,3,0,0
"ZG16B",3,2,1,0
"DNAJC19",3,3,0,0
"ESS2",3,3,0,0
"MSI2",3,3,0,0
"SNRNP40",3,3,0,0
"TBC1D31",3,3,0,0
"MTFMT",3,3,0,0
"ZBTB10",3,2,1,0
"RMI2",2,3,1,0
"THAP11",3,3,0,0
"GNPNAT1",2,0,1,3
"MRPS24",2,2,2,0
"CHFR",3,3,0,0
"DAZAP1",3,3,0,0
"SGF29",3,3,0,0
"RRP36",3,1,0,2
"RBM33",3,3,0,0
"DTNBP1",3,1,0,2
"DYNC2I2",3,3,0,0
"DNAJA3",3,3,0,0
"TMA16",3,3,0,0
"PTCD3",3,3,0,0
"ADAT3",3,3,0,0
"MCRS1",3,3,0,0
"CYFIP2",3,3,0,0
"CCDC97",3,3,0,0
"EDC3",3,3,0,0
"CDCA5",3,3,0,0
"DYNLL2",3,3,0,0
"GALNT14",1,2,1,2
"CPNE2",3,3,0,0
"SIPA1",3,1,0,2
"THOC1",3,3,0,0
"OTUB1",3,3,0,0
"TRMT61A",3,3,0,0
"CHMP6",3,3,0,0
"PGM2",2,2,2,0
"IMP4",3,3,0,0
"CERS2",2,3,1,0
"MED8",3,3,0,0
"DUS3L",3,3,0,0
"LTV1",3,3,0,0
"MRPL48",3,3,0,0
"SMARCD1",3,3,0,0
"TOE1",3,3,0,0
"DDX27",3,3,0,0
"ERO1A",3,3,0,0
"PRR11",3,3,0,0
"SENP5",2,1,1,2
"CDKN2AIPNL",3,3,0,0
"MED30",3,3,0,0
"NAF1",3,3,0,0
"PGAM5",3,3,0,0
"DIRAS2",3,3,0,0
"INTS4",3,2,1,0
"DDRGK1",3,3,0,0
"FUBP3",3,3,0,0
"RBM17",3,3,0,0
"NARS2",3,3,0,0
"REXO5",3,3,0,0
"LRCH3",3,3,0,0
"ZBED3",3,2,1,0
"ABHD14B",3,3,0,0
"ATP5MK",3,3,0,0
"RSRC1",3,3,0,0
"THOC3",3,3,0,0
"ITCH",3,3,0,0
"ABCC11",3,3,0,0
"VPS39",3,3,0,0
"VCPIP1",3,2,1,0
"SPG11",3,3,0,0
"TMX3",3,2,1,0
"DCAF5",2,0,1,3
"ZNF462",3,3,0,0
"CHAMP1",3,3,0,0
"L3MBTL3",3,3,0,0
"ZFP91",3,3,0,0
"PDLIM2",2,2,2,0
"FAR2",2,2,2,0
"BTF3L4",3,3,0,0
"SLC35E1",3,3,0,0
"ZNF668",3,3,0,0
"USP47",3,2,1,0
"CLPTM1L",2,2,2,0
"DNAJC1",3,3,0,0
"SCYL1",3,3,0,0
"ZNF512B",3,3,0,0
"EXOC2",3,3,0,0
"CNDP2",3,3,0,0
"EHMT2",3,3,0,0
"ZFR",3,3,0,0
"B3GALT6",3,3,0,0
"NSD1",3,3,0,0
"EP400",3,3,0,0
"CNOT6L",2,3,1,0
"RNPC3",3,3,0,0
"DRC1",0,2,1,3
"ZNF512",3,3,0,0
"NSMCE2",3,3,0,0
"NSMCE3",3,3,0,0
"TCEANC2",2,3,1,0
"YTHDC1",3,3,0,0
"TIGD1",3,3,0,0
"DNAAF10",3,3,0,0
"NOL4L",3,3,0,0
"ZNF714",3,3,0,0
"TTC14",3,3,0,0
"MBOAT7",2,0,1,3
"DOCK7",3,3,0,0
"SPATA13",3,3,0,0
"TSNARE1",1,2,1,2
"ANKRD27",3,3,0,0
"MUS81",3,3,0,0
"NSUN5",3,3,0,0
"AGAP3",3,3,0,0
"ARAP1",3,3,0,0
"SERPINB12",3,3,0,0
"IPO9",3,3,0,0
"INPP4A",1,2,1,2
"RBM14",3,3,0,0
"GBP5",1,2,1,2
"UHRF2",3,3,0,0
"NEDD4L",2,3,1,0
"QKI",3,3,0,0
"LENG8",3,3,0,0
"FAM193B",2,2,2,0
"PUS7",3,3,0,0
"FAM111A",3,3,0,0
"TMEM237",3,3,0,0
"ALKBH3",1,3,0,2
"KIF20B",3,3,0,0
"GSDMA",3,3,0,0
"PPP1R10",3,3,0,0
"FYTTD1",3,3,0,0
"ATAD5",3,3,0,0
"TEFM",3,3,0,0
"PRAM1",3,3,0,0
"VPS35",3,3,0,0
"PURB",3,3,0,0
"TRPM7",3,3,0,0
"PHF12",3,3,0,0
"SPAG5",3,3,0,0
"SNX18",3,3,0,0
"UIMC1",3,3,0,0
"MED15",3,3,0,0
"GFM1",3,3,0,0
"MCCC1",3,3,0,0
"TGS1",3,3,0,0
"NUDCD1",3,3,0,0
"ERBIN",3,3,0,0
"CTAGE1",3,3,0,0
"FNBP1",3,3,0,0
"METTL26",2,2,2,0
"TP53RK",3,3,0,0
"PIGS",2,2,2,0
"WRNIP1",3,3,0,0
"RANBP9",3,3,0,0
"CCNL2",3,3,0,0
"PLEKHF1",3,3,0,0
"PPP1R9B",3,3,0,0
"SRPK1",3,3,0,0
"SMC6",3,3,0,0
"STRBP",3,3,0,0
"GPX7",3,3,0,0
"FIZ1",3,3,0,0
"CDK5RAP2",3,3,0,0
"IWS1",3,2,1,0
"SIN3A",3,3,0,0
"OSBPL9",2,0,1,3
"CRBN",2,2,2,0
"CDK5RAP1",3,3,0,0
"SECISBP2",3,3,0,0
"RSF1",3,3,0,0
"RBM15",3,3,0,0
"PPP1R16B",1,2,1,2
"RUFY1",3,3,0,0
"SPEN",3,3,0,0
"PNKP",3,3,0,0
"MMS19",3,3,0,0
"UHRF1",3,3,0,0
"YME1L1",3,3,0,0
"TBCB",3,3,0,0
"SEC62",3,3,0,0
"PHOX2B",3,3,0,0
"CDC5L",3,3,0,0
"PSMD1",3,3,0,0
"SDF2",3,3,0,0
"PFDN5",3,3,0,0
"AGAP2",3,3,0,0
"RNF2",3,3,0,0
"PARK7",3,3,0,0
"H4C7",3,3,0,0
"DNAJC2",3,3,0,0
"MPHOSPH6",3,3,0,0
"MPHOSPH8",3,3,0,0
"MTERF1",1,2,1,2
"PKP4",3,3,0,0
"PIK3R4",2,2,2,0
"POP1",3,3,0,0
"SCAF11",3,3,0,0
"TSNAX",3,3,0,0
"EIF3C",3,3,0,0
"DNAJC7",3,3,0,0
"PHB2",3,3,0,0
"COPS8",3,3,0,0
"PRPF18",3,3,0,0
"CHP1",3,2,1,0
"KIF2C",3,3,0,0
"ATXN2",3,3,0,0
"HSD17B10",3,3,0,0
"HNRNPAB",3,3,0,0
"NAP1L4",3,3,0,0
"MGST2",3,3,0,0
"PIP5K1A",3,3,0,0
"ACO2",3,3,0,0
"TSG101",3,3,0,0
"CPNE1",3,3,0,0
"CCT7",3,3,0,0
"EBNA1BP2",3,3,0,0
"PRMT1",3,3,0,0
"H2BC13",3,3,0,0
"BAG1",3,3,0,0
"SH3GL1",3,3,0,0
"VRK1",3,3,0,0
"AKAP9",3,3,0,0
"NCAPG",3,3,0,0
"ARPC5L",3,3,0,0
"MICU1",3,3,0,0
"PAIP2",3,3,0,0
"MAPKAP1",3,3,0,0
"RBM4B",3,3,0,0
"DDX50",3,3,0,0
"MRPL34",3,3,0,0
"ELAC2",3,2,1,0
"TRIR",3,3,0,0
"GRWD1",3,3,0,0
"MACROD1",3,3,0,0
"TCF25",3,3,0,0
"CMSS1",3,3,0,0
"WDR77",3,3,0,0
"MRPL57",3,3,0,0
"TUBA1C",3,3,0,0
"APOL2",3,0,0,3
"MYBBP1A",3,3,0,0
"BUD13",3,3,0,0
"CPPED1",2,1,1,2
"MRPL45",1,2,1,2
"CHLSN",3,3,0,0
"NUDT16L1",3,3,0,0
"SRSF8",3,3,0,0
"PDCD2L",3,3,0,0
"PYM1",3,3,0,0
"GPATCH1",3,3,0,0
"RIOK1",3,3,0,0
"LLPH",3,3,0,0
"UTP23",3,3,0,0
"WDR83",3,3,0,0
"TRIM56",3,3,0,0
"ERP44",3,3,0,0
"NOL10",3,3,0,0
"NTPCR",3,3,0,0
"AGMAT",2,3,1,0
"TIMM29",3,2,1,0
"TUBGCP2",3,2,1,0
"MTNAP1",3,3,0,0
"ESYT1",3,3,0,0
"CCM2",3,2,1,0
"TSEN34",3,3,0,0
"CNPY3",3,3,0,0
"HAUS8",3,3,0,0
"COPS4",2,3,1,0
"SYT11",3,3,0,0
"DIDO1",3,3,0,0
"MTA3",3,3,0,0
"RBM42",3,3,0,0
"MCMBP",2,2,2,0
"AARSD1",1,3,0,2
"ANP32E",3,3,0,0
"MED10",3,3,0,0
"TMEM43",3,3,0,0
"CABLES2",3,3,0,0
"HGH1",3,3,0,0
"NDUFAF3",3,3,0,0
"MMTAG2",3,3,0,0
"DOHH",1,2,1,2
"ADAT1",3,1,0,2
"MED18",3,3,0,0
"PAXX",2,1,1,2
"POLR3C",3,3,0,0
"HNRNPUL1",3,3,0,0
"PHF23",2,3,1,0
"PDCD10",3,2,1,0
"DDX23",3,3,0,0
"WRAP53",3,3,0,0
"WDR18",3,3,0,0
"ADI1",3,3,0,0
"CEP250",1,2,1,2
"NTMT1",3,2,1,0
"SNRNP25",3,3,0,0
"KATNB1",2,2,2,0
"DSCC1",3,3,0,0
"TMEM109",2,3,1,0
"NOC4L",3,3,0,0
"UTP14A",3,3,0,0
"TMED9",3,3,0,0
"DPCD",3,3,0,0
"GNL3",3,3,0,0
"AFG2B",3,3,0,0
"RIOK2",3,3,0,0
"KIFC1",3,3,0,0
"ELOVL1",3,2,1,0
"HIRIP3",3,3,0,0
"TARS2",3,3,0,0
"ACAT2",2,0,1,3
"REPIN1",3,3,0,0
"RBM4",3,3,0,0
"SCNM1",1,2,1,2
"SF3B5",3,3,0,0
"SFXN3",3,3,0,0
"PAPOLG",3,3,0,0
"SLC4A1AP",3,3,0,0
"GTPBP2",1,3,0,2
"LSM14B",3,3,0,0
"TBC1D10A",3,3,0,0
"NAA15",3,3,0,0
"KLF16",3,3,0,0
"SRRT",3,3,0,0
"QTRT1",2,1,1,2
"AP1M1",3,3,0,0
"NUSAP1",3,3,0,0
"HDHD5",3,3,0,0
"MAK16",3,3,0,0
"SCAPER",3,3,0,0
"RTF2",2,2,2,0
"EIF2A",3,3,0,0
"POLDIP3",3,3,0,0
"SHANK3",3,3,0,0
"GNB1L",2,0,1,3
"MRPL20",2,3,1,0
"MRPL13",3,3,0,0
"MRPL9",3,3,0,0
"MRPL4",3,3,0,0
"MRPL1",3,3,0,0
"PCGF6",3,3,0,0
"NIFK",3,3,0,0
"YTHDF1",3,3,0,0
"MRPS26",3,3,0,0
"SETD2",3,3,0,0
"NSD3",3,3,0,0
"MRPL37",2,2,2,0
"PUS3",3,3,0,0
"GTPBP4",3,3,0,0
"OSBPL8",3,3,0,0
"OSBPL7",3,3,0,0
"RAB34",0,2,1,3
"WDR11",3,3,0,0
"UPF3B",3,3,0,0
"CRNKL1",3,3,0,0
"TBL1XR1",3,3,0,0
"UBL5",3,3,0,0
"PPP1R12C",3,3,0,0
"PRKD2",3,3,0,0
"NIBAN1",2,2,2,0
"UCK2",3,3,0,0
"API5",3,3,0,0
"DPY30",3,3,0,0
"INO80B",3,3,0,0
"SETD5",2,1,1,2
"UNK",3,3,0,0
"ZDHHC5",3,3,0,0
"TNKS1BP1",3,3,0,0
"LNPK",3,2,1,0
"ZNF407",1,2,1,2
"WDR33",3,3,0,0
"WDR12",3,3,0,0
"NDEL1",3,3,0,0
"PITHD1",3,2,1,0
"REXO4",3,3,0,0
"DDX24",3,3,0,0
"POLR1E",3,3,0,0
"SKIC8",3,3,0,0
"SLIRP",3,3,0,0
"NIF3L1",2,1,1,2
"PSME3IP1",3,2,1,0
"LAT2",3,3,0,0
"UBA5",3,1,0,2
"MKRN2",3,3,0,0
"TMEM126A",3,3,0,0
"PAIP1",3,3,0,0
"CLPB",3,3,0,0
"LSG1",3,3,0,0
"NAT10",3,3,0,0
"KLC2",2,1,1,2
"ILKAP",3,3,0,0
"XRN2",3,3,0,0
"TOLLIP",3,3,0,0
"SAP130",3,3,0,0
"NSRP1",3,3,0,0
"RACGAP1",3,3,0,0
"PARP12",3,3,0,0
"PUS7L",3,3,0,0
"CSTF2T",3,3,0,0
"NT5C3A",3,3,0,0
"DDX47",3,3,0,0
"MAGT1",3,3,0,0
"RAB1B",3,3,0,0
"TSPYL1",3,3,0,0
"BKGD",3,3,0,0
"DNTTIP1",3,3,0,0
"ING2",3,3,0,0
"ANAPC1",3,3,0,0
"POLR3F",3,2,1,0
"NUCKS1",2,2,2,0
"ASCC2",3,3,0,0
"UPF3A",3,3,0,0
"DNAJC25",2,3,1,0
"MED28",3,3,0,0
"EHD4",3,3,0,0
"VPS16",3,3,0,0
"SH3BGRL3",3,3,0,0
"SLK",3,3,0,0
"TSPYL2",2,3,1,0
"PPIL3",3,3,0,0
"TAOK3",3,3,0,0
"ADNP",3,3,0,0
"DHX36",3,3,0,0
"SPNS1",2,3,1,0
"MRPL46",3,3,0,0
"ZNF106",3,2,1,0
"PNN",3,3,0,0
"CRISPLD1",3,3,0,0
"PABPC3",3,2,1,0
"GGNBP2",3,1,0,2
"KCTD10",3,0,0,3
"MTRFR",3,3,0,0
"TMX1",3,3,0,0
"NELFA",3,3,0,0
"ACBD3",3,3,0,0
"UNC45A",3,3,0,0
"CHMP4B",3,3,0,0
"WNK1",3,3,0,0
"DEF6",3,3,0,0
"FAM83D",3,3,0,0
"MTG2",0,2,1,3
"SENP3",3,3,0,0
"OSBPL3",3,3,0,0
"EHD1",3,3,0,0
"RNF41",3,3,0,0
"ESF1",3,3,0,0
"ZNF644",3,3,0,0
"TAF1D",3,3,0,0
"RABEP2",3,3,0,0
"ZCCHC4",3,1,0,2
"STEEP1",3,3,0,0
"DHX35",3,3,0,0
"DENND2D",2,2,2,0
"TUT1",3,3,0,0
"CCDC86",3,3,0,0
"REEP4",3,3,0,0
"TASP1",3,3,0,0
"DHX33",3,3,0,0
"NOL6",3,3,0,0
"YTHDC2",3,3,0,0
"RPAP3",3,3,0,0
"RANBP3",2,3,1,0
"RPF2",3,3,0,0
"SMYD3",3,3,0,0
"WDR26",3,3,0,0
"TDRD3",3,3,0,0
"C8orf33",3,3,0,0
"METTL17",3,3,0,0
"SCAF1",3,3,0,0
"NRDE2",3,3,0,0
"KAT8",3,3,0,0
"PHAX",3,2,1,0
"METTL8",3,3,0,0
"GEMIN7",0,2,1,3
"YY1AP1",3,3,0,0
"KAT14",1,2,1,2
"CAAP1",3,3,0,0
"NOL11",3,3,0,0
"DDX31",3,3,0,0
"BRD9",3,3,0,0
"ECT2",3,3,0,0
"FAM204A",2,1,1,2
"PLEKHF2",3,3,0,0
"ANKZF1",3,3,0,0
"SLC25A22",3,3,0,0
"MED20",3,3,0,0
"WDR76",3,3,0,0
"ACTR8",3,3,0,0
"CNOT10",3,3,0,0
"LRRC40",3,3,0,0
"EHMT1",3,3,0,0
"SFXN1",3,3,0,0
"ACTR5",3,3,0,0
"AGO3",3,3,0,0
"VPS37B",3,3,0,0
"MRPL44",3,3,0,0
"USP42",3,3,0,0
"ISG20L2",3,3,0,0
"KANSL2",3,3,0,0
"RPF1",3,3,0,0
"POLR1B",3,3,0,0
"FN3KRP",3,3,0,0
"MEAF6",3,3,0,0
"NMNAT1",3,2,1,0
"PLEKHA5",3,3,0,0
"UPF2",3,3,0,0
"GNB4",3,3,0,0
"CLSPN",3,3,0,0
"PLEKHA2",3,3,0,0
"SP110",3,3,0,0
"CACYBP",3,3,0,0
"RC3H2",3,3,0,0
"PATZ1",3,3,0,0
"IL21",2,1,1,2
"RHOF",3,3,0,0
"PARVG",2,3,1,0
"TAF9B",3,3,0,0
"TMEM165",2,1,1,2
"APOBEC3G",3,3,0,0
"SLC25A19",3,3,0,0
"EML4",3,1,0,2
"MRM3",3,3,0,0
"GLOD4",2,2,2,0
"GPBP1L1",0,2,1,3
"CBX8",3,3,0,0
"CPAP",3,3,0,0
"NEK6",3,1,0,2
"MCCC2",3,3,0,0
"NCOA5",3,3,0,0
"MOV10",3,3,0,0
"CWC22",3,3,0,0
"MSL2",3,3,0,0
"TNRC6C",3,3,0,0
"RAVER2",3,3,0,0
"CHD8",3,3,0,0
"EPB41L5",3,3,0,0
"GPN1",3,3,0,0
"SDF2L1",3,3,0,0
"XAB2",3,3,0,0
"PREB",3,3,0,0
"BRMS1",3,1,0,2
"S100A14",2,3,1,0
"MRPL47",3,3,0,0
"WDR6",3,3,0,0
"SINHCAF",3,2,1,0
"ZCCHC17",3,3,0,0
"HMG20A",3,3,0,0
"RAB18",3,3,0,0
"VTA1",2,1,1,2
"SARS2",3,3,0,0
"DYNLRB1",3,3,0,0
"ENY2",3,3,0,0
"MYNN",3,1,0,2
"EXOSC4",3,3,0,0
"NOP10",3,3,0,0
"OSGEP",3,3,0,0
"DMAP1",3,3,0,0
"UBN1",3,3,0,0
"TMEM138",2,3,1,0
"BRD7",3,3,0,0
"DCP1A",3,1,0,2
"MED4",3,3,0,0
"TIMMDC1",3,3,0,0
"RIC8A",2,0,1,3
"LUC7L",3,3,0,0
"MRPL40",3,3,0,0
"PPAN",3,3,0,0
"TCF7L2",3,1,0,2
"RTN4",3,3,0,0
"RPRD1B",3,3,0,0
"INCENP",3,3,0,0
"EXOSC5",3,3,0,0
"EXOSC3",3,3,0,0
"KIF13B",3,3,0,0
"PRDM10",3,3,0,0
"ANLN",3,3,0,0
"GPHN",3,3,0,0
"UTP3",3,3,0,0
"ZC4H2",3,3,0,0
"DIABLO",2,2,2,0
"DDX21",3,3,0,0
"NANS",2,1,1,2
"EIF2B3",3,3,0,0
"MBNL1",3,3,0,0
"FBXO6",0,2,1,3
"POLE3",3,3,0,0
"AAAS",1,2,1,2
"ABCB10",3,3,0,0
"BAZ1A",3,3,0,0
"LATS2",3,3,0,0
"AASDHPPT",3,3,0,0
"DROSHA",3,3,0,0
"APOBEC3C",3,3,0,0
"PNO1",3,3,0,0
"PHPT1",3,3,0,0
"HELLS",3,3,0,0
"TOMM22",3,3,0,0
"LANCL2",3,3,0,0
"KIF15",3,3,0,0
"RAD18",2,1,1,2
"ZNF275",2,2,2,0
"FARSB",3,3,0,0
"IARS2",3,1,0,2
"SLX9",3,3,0,0
"SAMSN1",3,1,0,2
"BMP2K",3,3,0,0
"PDS5B",3,3,0,0
"SMC4",3,3,0,0
"SACM1L",3,3,0,0
"OLA1",3,3,0,0
"ECHDC1",3,3,0,0
"RBM12",3,3,0,0
"TBC1D22B",3,2,1,0
"MDN1",3,2,1,0
"ZCCHC3",3,3,0,0
"PDRG1",3,3,0,0
"STAU2",3,3,0,0
"SHFL",3,3,0,0
"DDX28",3,3,0,0
"LMBRD1",2,0,1,3
"AGPAT5",3,3,0,0
"TXLNG",3,3,0,0
"ABCF3",3,3,0,0
"CYRIB",3,3,0,0
"DDX19A",3,3,0,0
"TDP1",3,3,0,0
"DCAF13",3,3,0,0
"IMP3",3,3,0,0
"MRGBP",3,3,0,0
"EXOC1",3,3,0,0
"SEPTIN11",3,3,0,0
"MED17",3,3,0,0
"USP40",3,3,0,0
"PANK4",2,2,2,0
"FBXO28",3,3,0,0
"EXD2",3,3,0,0
"DNAJC11",3,3,0,0
"ATAD3A",3,3,0,0
"FGFR1OP2",3,3,0,0
"INTS13",3,3,0,0
"GNL3L",3,3,0,0
"DDX18",3,3,0,0
"ASF1B",3,3,0,0
"POLR3E",3,3,0,0
"SDAD1",3,3,0,0
"MTPAP",3,3,0,0
"NLE1",3,1,0,2
"NECAP2",3,3,0,0
"POLR3B",3,3,0,0
"RBM28",3,3,0,0
"RBM22",3,3,0,0
"GPATCH2",3,3,0,0
"WDR70",3,3,0,0
"MED9",3,3,0,0
"ARGLU1",3,3,0,0
"SLTM",3,3,0,0
"ZNHIT6",3,3,0,0
"GPATCH2L",3,3,0,0
"PAG1",3,3,0,0
"PIH1D1",3,3,0,0
"PAK1IP1",3,3,0,0
"AURKAIP1",3,3,0,0
"GID8",3,3,0,0
"BABAM1",3,3,0,0
"CLN6",3,2,1,0
"IRAK4",3,1,0,2
"GEMIN8",3,3,0,0
"TMEM160",3,3,0,0
"MRPL16",3,3,0,0
"NHP2",3,3,0,0
"OCIAD1",3,3,0,0
"HYPK",3,3,0,0
"LYAR",3,3,0,0
"CHCHD3",3,3,0,0
"MED29",3,3,0,0
"DUS2",3,3,0,0
"CMTM6",3,3,0,0
"GFOD1",2,0,1,3
"SMPD4",3,1,0,2
"CWC25",3,3,0,0
"TEX10",3,3,0,0
"THUMPD1",3,3,0,0
"TOR4A",3,3,0,0
"TRMT1",3,3,0,0
"BABAM2",3,3,0,0
"QPCTL",3,3,0,0
"CDKN2AIP",3,3,0,0
"DNAJB12",3,3,0,0
"NSMCE4A",3,3,0,0
"GAR1",3,3,0,0
"STAB1",3,3,0,0
"PPP4R2",3,1,0,2
"DPP3",3,3,0,0
"CLDND1",0,3,0,3
"AATF",3,3,0,0
"DDX56",3,3,0,0
"TERF2IP",3,3,0,0
"ABI2",2,0,1,3
"BCLAF1",3,3,0,0
"UTP6",2,2,2,0
"TAB2",3,3,0,0
"MRPL39",1,3,0,2
"MAP3K20",3,0,0,3
"FKBP11",3,3,0,0
"TMOD3",3,3,0,0
"ELOVL5",3,3,0,0
"NKIRAS2",2,0,1,3
"UGGT1",3,3,0,0
"CDK12",3,3,0,0
"C9orf78",3,3,0,0
"FAM120A",3,3,0,0
"SMARCAL1",3,3,0,0
"GLTP",2,3,1,0
"UBP1",0,2,1,3
"SACS",3,2,1,0
"MTCH1",3,1,0,2
"ITSN2",3,3,0,0
"BICRA",3,3,0,0
"NOP53",3,3,0,0
"CNOT2",3,3,0,0
"TMOD2",3,3,0,0
"CALML5",3,3,0,0
"OGFR",3,3,0,0
"PALS2",2,2,2,0
"CWC15",3,3,0,0
"MRPL15",3,3,0,0
"THYN1",3,3,0,0
"CCDC59",3,3,0,0
"NDUFAF4",3,3,0,0
"HACD3",3,3,0,0
"MED11",3,3,0,0
"CCDC167",3,2,1,0
"NDUFA13",3,3,0,0
"KCMF1",2,3,1,0
"RAI14",3,3,0,0
"VAPA",3,3,0,0
"AKAP7",3,3,0,0
"ZNF581",1,2,1,2
"TOMM7",2,2,2,0
"CXXC1",3,3,0,0
"ABRACL",3,3,0,0
"PHRF1",3,3,0,0
"CEP72",2,1,1,2
"CCDC88C",2,3,1,0
"ZFAT",3,3,0,0
"STIM2",3,3,0,0
"RCC2",3,3,0,0
"DIP2B",3,3,0,0
"SLAIN2",2,3,1,0
"USP36",3,3,0,0
"BAHCC1",3,3,0,0
"BCCIP",3,3,0,0
"IBTK",3,3,0,0
"CHD7",3,3,0,0
"CHPF2",3,3,0,0
"PCDH10",3,3,0,0
"RRBP1",3,3,0,0
"CPSF2",3,3,0,0
"LARS1",3,3,0,0
"RCOR3",3,2,1,0
"MYEF2",3,3,0,0
"EIF2AK4",3,3,0,0
"RBM27",3,3,0,0
"KANSL3",3,3,0,0
"FRMD4A",3,2,1,0
"SUCLA2",3,3,0,0
"WRAP73",2,3,1,0
"ATXN10",3,3,0,0
"MBD2",3,3,0,0
"NCDN",1,2,1,2
"TFIP11",3,3,0,0
"NFKBIL1",3,3,0,0
"EPS15L1",3,3,0,0
"DNMT3B",3,3,0,0
"SAE1",3,3,0,0
"COPG2",3,3,0,0
"UXT",3,3,0,0
"ASH2L",3,3,0,0
"DHCR7",3,3,0,0
"METTL1",3,3,0,0
"GULP1",3,3,0,0
"EIF3K",3,3,0,0
"GRHPR",3,2,1,0
"RPS6KB2",3,3,0,0
"DNAJB11",3,3,0,0
"UBA2",3,3,0,0
"MORF4L1",3,3,0,0
"NXF1",3,3,0,0
"ZMYM2",3,3,0,0
"SLC25A10",3,3,0,0
"CLIP2",3,3,0,0
"TJP2",3,3,0,0
"DAXX",3,3,0,0
"FTSJ1",3,3,0,0
"VTI1B",3,3,0,0
"LRWD1",3,2,1,0
"CGGBP1",3,3,0,0
"ABCF2",3,3,0,0
"DMBT1",1,3,0,2
"PARP2",3,3,0,0
"LIMD1",3,1,0,2
"SEC63",3,3,0,0
"ZC3H7B",3,3,0,0
"HMGXB4",3,3,0,0
"NOL12",3,3,0,0
"SRRD",3,3,0,0
"ARMCX3",2,0,1,3
"SWAP70",3,3,0,0
"SUN2",3,3,0,0
"RSL24D1",3,3,0,0
"LIMA1",3,3,0,0
"AFF4",3,3,0,0
"SRP68",3,3,0,0
"CHORDC1",3,3,0,0
"TBK1",3,2,1,0
"TRPS1",3,3,0,0
"DDX20",3,3,0,0
"NUFIP1",3,3,0,0
"DPP7",2,1,1,2
"CYB5R1",2,3,1,0
"SAP30BP",3,3,0,0
"MED13",3,3,0,0
"PFDN2",3,3,0,0
"GPN3",2,2,2,0
"PUF60",3,3,0,0
"EVL",3,3,0,0
"EIF2B4",3,3,0,0
"ATP6V1H",3,3,0,0
"TRMT112",3,3,0,0
"CPA4",3,3,0,0
"MRM2",2,1,1,2
"XPO7",3,0,0,3
"VPS51",2,2,2,0
"BAZ2B",3,3,0,0
"BAZ2A",3,2,1,0
"BAZ1B",3,3,0,0
"HERC5",3,3,0,0
"CNOT7",3,3,0,0
"NAGK",3,3,0,0
"MCM8",3,3,0,0
"TRMT6",3,3,0,0
"SLC25A13",3,3,0,0
"TUBE1",2,2,2,0
"LEF1",3,3,0,0
"DBNL",3,3,0,0
"DDX41",3,3,0,0
"CDC23",3,3,0,0
"ANAPC7",3,3,0,0
"ANAPC5",1,2,1,2
"STOML2",3,3,0,0
"VPS28",3,2,1,0
"ING1",2,2,2,0
"CCNL1",3,3,0,0
"DBR1",3,3,0,0
"TASOR",3,3,0,0
"MRTO4",3,3,0,0
"TNIK",3,3,0,0
"CPSF3",3,3,0,0
"APPL1",2,3,1,0
"TLK1",3,2,1,0
"GPATCH8",3,3,0,0
"NUDT5",3,3,0,0
"RCOR1",3,3,0,0
"RALY",3,3,0,0
"GTF3C4",3,3,0,0
"FBXO5",3,0,0,3
"ACIN1",3,3,0,0
"AGO2",3,3,0,0
"NUP50",3,3,0,0
"ZHX1",3,3,0,0
"CDV3",2,3,1,0
"CNOT11",3,3,0,0
"INTS6",3,3,0,0
"BAG5",3,3,0,0
"AGO1",3,3,0,0
"RAB21",3,3,0,0
"TRAPPC2L",2,3,1,0
"ZNF346",3,3,0,0
"PSME2",3,3,0,0
"TAOK2",3,3,0,0
"MKLN1",2,1,1,2
"MCTS1",3,3,0,0
"INO80",3,3,0,0
"CCPG1",3,3,0,0
"ZBTB21",3,3,0,0
"MED23",3,3,0,0
"PRR12",3,3,0,0
"PLEKHH1",3,3,0,0
"YEATS2",3,3,0,0
"TBC1D24",2,1,1,2
"ISY1",3,3,0,0
"HECTD1",3,3,0,0
"ZMYND8",3,3,0,0
"CIZ1",3,3,0,0
"CORO1C",3,3,0,0
"TPX2",3,3,0,0
"ABT1",3,3,0,0
"NOB1",3,3,0,0
"AKAP8L",3,3,0,0
"TMCO1",3,3,0,0
"FZR1",3,3,0,0
"PRPF19",3,3,0,0
"UBQLN1",2,3,1,0
"NOL7",3,3,0,0
"VPS4A",3,3,0,0
"SOX13",3,3,0,0
"G3BP2",3,3,0,0
"STUB1",3,3,0,0
"SNX6",3,3,0,0
"SSR3",3,3,0,0
"PSMD13",3,2,1,0
"FAF1",3,3,0,0
"PPIE",3,3,0,0
"DIMT1",3,3,0,0
"COPS3",3,3,0,0
"RPL26L1",3,3,0,0
"WDR3",3,3,0,0
"TTF2",3,3,0,0
"NSFL1C",3,3,0,0
"C19orf53",3,3,0,0
"MACF1",3,3,0,0
"CEP131",3,3,0,0
"SCAF8",3,3,0,0
"PPP6R1",3,3,0,0
"PHF8",3,3,0,0
"AGAP1",3,3,0,0
"TNRC6B",3,3,0,0
"PLCL2",2,2,2,0
"ANKRD26",2,0,1,3
"EXOC7",3,3,0,0
"ZC3H4",3,3,0,0
"FOXJ3",3,2,1,0
"AGTPBP1",3,3,0,0
"DICER1",3,3,0,0
"SHOC2",3,3,0,0
"DNM3",3,2,1,0
"SRRM2",3,3,0,0
"PA2G4",3,3,0,0
"SPG7",1,2,1,2
"SMC3",3,3,0,0
"ZNF148",3,3,0,0
"MTMR6",3,3,0,0
"NIP7",3,3,0,0
"RTRAF",3,3,0,0
"TRAF3IP3",3,3,0,0
"RUVBL2",3,3,0,0
"CDYL",3,3,0,0
"HIGD1A",3,3,0,0
"HPSE",3,1,0,2
"EIF3L",3,3,0,0
"PLAA",3,3,0,0
"RUVBL1",3,3,0,0
"NUDC",3,3,0,0
"VDAC3",3,3,0,0
"FARSA",3,3,0,0
"ASF1A",3,3,0,0
"DRG1",3,3,0,0
"NCKAP1",3,3,0,0
"CNPY2",2,2,2,0
"EXOG",3,3,0,0
"ICE1",3,3,0,0
"WDR37",3,3,0,0
"SIK3",3,3,0,0
"DIS3",3,3,0,0
"LRCH1",3,3,0,0
"RCL1",3,3,0,0
"MRPS28",3,3,0,0
"PTPN22",3,2,1,0
"DDX52",3,3,0,0
"MRPS17",3,3,0,0
"MRPS7",3,3,0,0
"POLDIP2",0,3,0,3
"AP3M1",3,3,0,0
"LEMD3",3,3,0,0
"CARHSP1",3,3,0,0
"THRAP3",3,3,0,0
"WBP11",3,3,0,0
"MED16",3,3,0,0
"NOP58",3,3,0,0
"GIT1",3,3,0,0
"ZNF281",3,3,0,0
"KLF13",3,3,0,0
"SUGT1",3,3,0,0
"MTO1",3,3,0,0
"YARS2",3,1,0,2
"ACOT9",3,3,0,0
"AAR2",3,2,1,0
"NOSIP",3,3,0,0
"DERA",3,1,0,2
"TMX2",3,3,0,0
"FCF1",3,3,0,0
"LSM2",3,3,0,0
"LUC7L2",3,3,0,0
"RBMX2",3,3,0,0
"UTP11",3,2,1,0
"MOB4",2,1,1,2
"RRP7A",3,3,0,0
"EXOSC1",3,2,1,0
"SF3B6",3,3,0,0
"MRPL11",3,3,0,0
"REXO2",3,3,0,0
"RRP15",3,3,0,0
"NOP16",3,3,0,0
"PPIL1",3,3,0,0
"MED31",3,3,0,0
"CIAO2B",2,0,1,3
"PAM16",3,3,0,0
"MRPS23",3,3,0,0
"PTRH2",3,3,0,0
"STRAP",3,3,0,0
"RTCB",3,3,0,0
"R3HCC1",2,3,1,0
"NOC2L",3,3,0,0
"RPL36",3,3,0,0
"CCDC9",3,3,0,0
"CHTOP",3,3,0,0
"FAM32A",3,3,0,0
"KNSTRN",3,3,0,0
"HBS1L",3,3,0,0
"MTF2",3,3,0,0
"TLN1",3,3,0,0
"JRKL",3,3,0,0
"TRRAP",3,3,0,0
"RBM19",3,3,0,0
"HECTD4",3,2,1,0
"ZNF451",3,3,0,0
"MARF1",3,3,0,0
"RIPOR2",3,3,0,0
"MYO5A",3,3,0,0
"MAP4K5",3,2,1,0
"HYOU1",3,3,0,0
"ATG4B",3,3,0,0
"TBL2",3,3,0,0
"TELO2",2,2,2,0
"LAS1L",3,3,0,0
"AFG3L2",3,3,0,0
"LSM5",3,3,0,0
"LSM4",3,3,0,0
"SAMM50",3,2,1,0
"PRRC2C",3,3,0,0
"POLR3H",3,3,0,0
"PPME1",3,3,0,0
"ASB3",3,3,0,0
"RBM7",3,3,0,0
"AP4S1",3,3,0,0
"NUB1",3,3,0,0
"YTHDF2",3,3,0,0
"PAXBP1",3,3,0,0
"SUPT16H",3,3,0,0
"UTP18",3,3,0,0
"TIMM8B",3,3,0,0
"UCHL5",3,3,0,0
"CD2AP",3,3,0,0
"TIMM13",3,3,0,0
"SRPRB",3,3,0,0
"GTF3C5",3,3,0,0
"GTF3C3",3,3,0,0
"RBM8A",3,3,0,0
"USP16",3,3,0,0
"TSSC4",3,3,0,0
"MAGED1",3,3,0,0
"SNX8",3,3,0,0
"SNX5",3,3,0,0
"HCFC2",3,1,0,2
"PUS1",3,3,0,0
"LRRFIP2",3,3,0,0
"FHOD1",3,3,0,0
"PSAT1",2,3,1,0
"NCOR2",3,3,0,0
"MRPS18B",3,3,0,0
"COPG1",3,3,0,0
"AUP1",3,3,0,0
"NFS1",3,3,0,0
"CFAP20",3,3,0,0
"TACC3",3,2,1,0
"EMILIN1",3,3,0,0
"MTCH2",3,3,0,0
"MAD1L1",3,3,0,0
"STK24",1,2,1,2
"BZW2",3,3,0,0
"DYNC1LI1",3,3,0,0
"EPN1",2,2,2,0
"CABIN1",3,3,0,0
"TAF6L",3,3,0,0
"OAS3",3,3,0,0
"IKBKG",3,3,0,0
"IGF2BP2",3,3,0,0
"CSNK1G3",3,3,0,0
"NDUFB9",3,3,0,0
"MAP3K4",3,3,0,0
"CCDC61",3,2,1,0
"DDX49",3,3,0,0
"CAPN7",3,3,0,0
"WASF2",3,3,0,0
