"pathway","pval","padj","log2err","ES","NES","size","leadingEdge","Collection","Enriched_in"
"GOCC_COATED_VESICLE",1.45390456864178e-13,6.53766994230054e-11,0.943632225232838,0.67619073965459,2.53774726863409,91,"AFTPH;EPS15;AAK1;CLINT1;AP2S1;AP2A2;AP2B1;AP2M1;AP2A1;NUMB;TMED2;STON2;AP1B1;NECAP2;RAB35;NECAP1;CLTC;VPS33A;SEC13;CLTA;SCAMP1;SEC16A;AP3M2","GOCC","rPAL"
"GOCC_CLATHRIN_COATED_VESICLE",2.10552977207747e-13,6.53766994230054e-11,0.943632225232838,0.771768850125385,2.64491232561544,54,"AFTPH;EPS15;AAK1;CLINT1;AP2S1;AP2A2;AP2B1;AP2M1;AP2A1;NUMB;STON2;AP1B1;NECAP2;RAB35;NECAP1;CLTC;VPS33A;CLTA;SCAMP1;AP3M2","GOCC","rPAL"
"GOCC_CLATHRIN_COATED_VESICLE_MEMBRANE",8.4327258460827e-13,1.74557425013912e-10,0.921426003494898,0.863866232334068,2.60260059548323,31,"AFTPH;EPS15;CLINT1;AP2S1;AP2A2;AP2B1;AP2M1;AP2A1;STON2;AP1B1;NECAP2;RAB35;NECAP1;CLTC","GOCC","rPAL"
"GOCC_COATED_VESICLE_MEMBRANE",1.31960705247682e-12,2.04868994897027e-10,0.910119734774459,0.743886621954744,2.59675520308829,61,"AFTPH;EPS15;CLINT1;AP2S1;AP2A2;AP2B1;AP2M1;AP2A1;TMED2;STON2;AP1B1;NECAP2;RAB35;NECAP1;CLTC;SEC13;CLTA;SEC16A;AP3M2","GOCC","rPAL"
"GOCC_CLATHRIN_COAT",3.7475555751405e-12,4.6544640243245e-10,0.887074988399873,0.889907837137703,2.58019506581732,24,"AFTPH;EPS15;EPS15L1;CLINT1;AP2S1;AP2A2;AP2B1;AP2M1;AP2A1;STON2;AP1B1;NECAP2;NECAP1;CLTC;VPS33A;CLTA;AP3M2","GOCC","rPAL"
"GOCC_VESICLE_COAT",5.409480431693e-12,5.59881224680226e-10,0.887074988399873,0.822895587279329,2.5986469119152,37,"AFTPH;EPS15;CLINT1;AP2S1;AP2A2;AP2B1;AP2M1;AP2A1;STON2;AP1B1;NECAP2;NECAP1;CLTC;SEC13;CLTA;AP3M2","GOCC","rPAL"
"GOCC_MEMBRANE_COAT",1.46354448210933e-11,1.29837303341413e-09,0.863415391606693,0.773922697830007,2.55426467284636,47,"AFTPH;EPS15;EPS15L1;CLINT1;AP2S1;AP2A2;AP2B1;AP2M1;AP2A1;STON2;AP1B1;NECAP2;NECAP1;CLTC;VPS33A;SEC13;CLTA;AP3M2","GOCC","rPAL"
"GOCC_CLATHRIN_COATED_PIT",1.85711599130814e-11,1.44158628825295e-09,0.863415391606693,0.85162572936153,2.54896670051428,29,"EPS15;AAK1;EPS15L1;AP2S1;AP2A2;AP2B1;REPS1;AP2M1;AP2A1;NUMB;STON2;NECAP2;RAB35;NECAP1;CLTC","GOCC","rPAL"
"GOCC_AMINOACYL_TRNA_SYNTHETASE_MULTIENZYME_COMPLEX",9.58462171823602e-11,6.61338898558286e-09,0.839088935621274,-0.969752281616688,-2.18525901807164,11,"KARS1;RARS1;QARS1;AIMP1;IARS1;DARS1;EEF1E1;MARS1;EPRS1;AIMP2;LARS1","GOCC","Sial_rPAL"
"GOCC_CLATHRIN_VESICLE_COAT",2.05536892696822e-10,1.27638410364727e-08,0.826657301178302,0.897671233468922,2.47345615306693,20,"AFTPH;EPS15;CLINT1;AP2S1;AP2A2;AP2B1;AP2M1;AP2A1;STON2;AP1B1;NECAP2;NECAP1;CLTC;CLTA;AP3M2","GOCC","rPAL"
"GOCC_MITOCHONDRIAL_MATRIX",1.73925322874548e-09,9.81887504591766e-08,0.788186810800237,-0.511090057473157,-2.00406870399866,236,"NARS2;KARS1;QARS1;DBT;PC;DDX28;MRPL11;PCCA;PUS1;MCCC2;PCCB;HADHA;FARS2;POLDIP2;LRRC59;DHX30;HADHB;MCCC1;ARL2;SARS2;GRSF1;MTG2;MRM1;EXOG;MRPL54;MRPL9;MRPL46;TFAM;TRMT10C;METTL17;MRM3;MRPL1;GCDH;GTPBP10;MRPL40;ATP5F1C;TEFM;MTPAP;MTIF2;PAM16;METTL8;TFB1M;MRPL45;TRMT5;CHCHD1;PTPN1;NIPSNAP2;HSD17B10;GADD45GIP1;MRPL48;NSUN4;NDUFS8","GOCC","Sial_rPAL"
"GOCC_CLATHRIN_COATED_ENDOCYTIC_VESICLE_MEMBRANE",1.98081575472652e-09,1.02507215307097e-07,0.774939030136436,0.948953326667509,2.28047308082058,12,"EPS15;AP2S1;AP2A2;AP2B1;AP2M1;AP2A1;STON2;RAB35;CLTC","GOCC","rPAL"
"GOCC_CLATHRIN_ADAPTOR_COMPLEX",2.76589134085851e-09,1.32124501744087e-07,0.774939030136436,0.921244470329153,2.35449001295584,15,"AFTPH;EPS15;AP2S1;AP2A2;AP2B1;AP2M1;AP2A1;STON2;AP1B1","GOCC","rPAL"
"GOCC_AP_2_ADAPTOR_COMPLEX",3.18614196745859e-09,1.41328154413699e-07,0.774939030136436,0.976777704097691,2.11007931761007,8,"EPS15;AP2S1;AP2A2;AP2B1;AP2M1;AP2A1;STON2","GOCC","rPAL"
"GOCC_VESICLE_MEMBRANE",1.41287875735367e-08,5.84931805544421e-07,0.747739663149885,0.433467595654573,1.89897095347374,266,"AFTPH;EPS15;CLINT1;AP2S1;AP2A2;EEA1;STX7;AP2B1;AP2M1;AP2A1;NUMB;TMED2;STON2;AP1B1;C2CD5;RIPK1;NECAP2;RAB35;NECAP1;PLD3;BST2;SYPL1;WDR83;CLTC;CD109;LYN;DTNBP1;VPS33A;ITPR1;MGST1;MKLN1;GNPNAT1;ARHGAP10;SEC13;CLTA;ANXA5;STX10;USP8;SCAMP1;SEC16A;AP3M2;SNAP29;RAB11FIP1;VTA1;SBF2;MCTP2;MTMR2;ATAD3B;VAPA;CHMP6;RAB6A;TMEM165;IQGAP1;OSBPL9;TBC1D24;VPS4A;B2M;ACAP1","GOCC","rPAL"
"GOCC_EUKARYOTIC_TRANSLATION_INITIATION_FACTOR_3_COMPLEX",2.82648408381519e-08,1.07614739421234e-06,0.73376198835648,0.909337492801702,2.2789897769328,14,"EIF3C;EIF3A;EIF3M;EIF3B;EIF3F;EIF3I;EIF3L;EIF3G;EIF3E;EIF3H;EIF3D;EIF3K","GOCC","rPAL"
"GOCC_SWI_SNF_COMPLEX",2.94597515323829e-08,1.07614739421234e-06,0.73376198835648,0.838423721942905,2.358528729396,22,"SMARCA2;BICRA;SMARCD1;ARID2;PBRM1;BRD9;SMARCC2;SMARCD2;BICRAL;ACTL6A;SMARCB1;SMARCE1;SMARCA4;SMARCC1","GOCC","rPAL"
"GOCC_CYTOPLASMIC_STRESS_GRANULE",4.52304891157675e-08,1.56045187449398e-06,0.719512826338911,-0.678266111892601,-2.23719679836428,63,"EIF2S1;IGF2BP2;CIRBP;SSB;LSM14A;YTHDF1;TRIM25;DHX36;DDX6;NXF1;PRRC2C;RC3H1;CAPRIN1;G3BP2;RC3H2;YBX1;STAU1;YTHDF2;MBNL1","GOCC","Sial_rPAL"
"GOCC_ENDOSOME_MEMBRANE",1.1474673480949e-07,3.75040643772071e-06,0.704975715167238,0.529338805013681,2.07968542008004,119,"EPS15;AP2S1;AP2A2;EEA1;STX7;AP2B1;AP2M1;AP2A1;NUMB;RIPK1;RAB35;PLD3;WDR83;CLTC;DTNBP1;VPS33A;MKLN1;GNPNAT1;ARHGAP10;CLTA;USP8;SCAMP1;VTA1;SBF2;MTMR2;CHMP6;TMEM165;OSBPL9;VPS4A;B2M;ACAP1","GOCC","rPAL"
"GOCC_CLATHRIN_COAT_OF_COATED_PIT",2.25340935886644e-07,6.9968360592803e-06,0.690132458796796,0.915575089375856,2.20026031430216,12,"EPS15;EPS15L1;AP2S1;AP2A2;AP2B1;AP2M1;AP2A1;STON2;CLTC;CLTA","GOCC","rPAL"
"GOCC_AP_TYPE_MEMBRANE_COAT_ADAPTOR_COMPLEX",2.36668237090824e-07,6.99861786825721e-06,0.690132458796796,0.82360144626325,2.29463775092794,21,"AFTPH;EPS15;AP2S1;AP2A2;AP2B1;AP2M1;AP2A1;STON2;AP1B1;VPS33A","GOCC","rPAL"
"GOCC_TRANSPORT_VESICLE_MEMBRANE",4.26518952853605e-07,1.20394668055495e-05,0.674962860011025,0.65030448129732,2.24645542146825,55,"AFTPH;AP2M1;AP2A1;TMED2;STON2;AP1B1;SYPL1;CLTC;DTNBP1;ITPR1;SEC13;CLTA;STX10;SCAMP1;SEC16A;AP3M2;MCTP2","GOCC","rPAL"
"GOCC_CLATHRIN_COATED_ENDOCYTIC_VESICLE",5.53911664625927e-07,1.49556149449e-05,0.659444398037935,0.875504636532494,2.23758946664373,15,"EPS15;AP2S1;AP2A2;AP2B1;AP2M1;AP2A1;STON2;RAB35;CLTC;CLTA","GOCC","rPAL"
"GOCC_SYNAPSE",1.32578388109101e-06,3.43046579232298e-05,0.643551836150722,0.350783174953626,1.59929255362624,420,"EPS15;EIF4A3;AAK1;EPS15L1;EIF3A;AP2S1;AP2A2;EEA1;STX7;EIF3B;RPLP0;AP2B1;EIF3F;AP2M1;RPL12;AP2A1;NUMB;EIF3I;EIF3L;RPL35A;ITSN2;EIF3E;RPL10A;STON2;RPL34;AP1B1;RPL7A;RPL7;ARPC5L;RPL6;ABI2;NECAP1;SYPL1;LYN;DTNBP1;RPL30;RPS3;RPS16;RPL27A;CDK5;ITPR1;EIF3D;RPL27;RPS5;MKLN1;NEGR1;RPS20;RPL8;RPL14;MOB4;FLNA;CLTA;ADD1;STX10;USP8;SCAMP1;TMOD2;UBE3A;AP3M2;VAPB;SNAP29;RPL36;SSH1;DSTN;PSMD12;EFR3A;ZDHHC5;BCR;MCTP2;MTMR2","GOCC","rPAL"
"GOCC_GOLGI_ASSOCIATED_VESICLE_MEMBRANE",1.61699862696234e-06,4.01662458937445e-05,0.643551836150722,0.774753688938288,2.21247023196596,23,"AFTPH;AP2M1;AP2A1;TMED2;STON2;AP1B1;CLTC;CLTA;AP3M2","GOCC","rPAL"
"GOCC_CYTOSOLIC_LARGE_RIBOSOMAL_SUBUNIT",2.13415609011456e-06,5.09734973831208e-05,0.627256739718528,0.638014946717949,2.11347058618868,49,"RPL4;RPLP0;RPL12;RPL35A;RPL10A;RPL34;RPL7A;RPL7;RPL6;RPL30;RPL27A;RPL5;RPL27;RPL8;RPL14;RPL36;RPLP1;RPL32;RPL18;RPL23;RPL18A","GOCC","rPAL"
"GOCC_CYTOPLASMIC_RIBONUCLEOPROTEIN_GRANULE",3.87231128082956e-06,8.906315945908e-05,0.610526878385931,-0.519705318352541,-1.90897752457754,131,"EIF2S1;IGF2BP2;CIRBP;SSB;LSM14A;YTHDF1;TRIM25;DHX36;DDX6;LSM14B;NXF1;PRRC2C;HNRNPU;HNRNPAB;RC3H1;CAPRIN1;G3BP2;NCL;RC3H2;YBX1;STAU1;YTHDF2;NSUN2;MBNL1;XRN1;DHX9;TRIM71","GOCC","Sial_rPAL"
"GOCC_BRAHMA_COMPLEX",4.23795483892663e-06,9.39917841061942e-05,0.610526878385931,0.901746744193103,2.1110837888193,11,"SMARCA2;SMARCD1;SMARCC2;SMARCD2;ACTL6A;SMARCB1;SMARCE1;SMARCC1","GOCC","rPAL"
"GOCC_CYTOSOLIC_RIBOSOME",4.51110976616795e-06,9.65999711996653e-05,0.610526878385931,0.511677539805311,1.97131682222682,101,"RPL4;RPLP0;RPL12;RPL35A;DHX29;RPL10A;RPL34;RPSA;RPL7A;RPL7;RPL6;RPL30;RPS3;RPS16;RPL27A;RPL5;RPL27;RPS5;RPS20;RPL8;RPL14;RPS12;RPL36;RPLP1;RPL32;RPL18;RPL23;RACK1;RPL18A;RPS10","GOCC","rPAL"
"GOCC_ENDOSOME",6.12624993365713e-06,0.000123683926351518,0.610526878385931,0.401421351302565,1.72286076583539,224,"EPS15;CLINT1;AP2S1;AP2A2;EEA1;STX7;AP2B1;AP2M1;AP2A1;NUMB;AP1B1;RIPK1;RAB35;PLD3;BST2;WDR83;CLTC;DTNBP1;VPS33A;MKLN1;NEGR1;GNPNAT1;ARHGAP10;CLTA;USP8;SCAMP1;AP3M2;RAB11FIP1;VTA1;HPSE;SBF2;MTMR2;TRIM27;CHMP6;TMEM165;RFTN1;OSBPL9;VPS4A;B2M;ACAP1","GOCC","rPAL"
"GOCC_POSTSYNAPSE",6.17423786939946e-06,0.000123683926351518,0.610526878385931,0.433700776332826,1.80048541330761,179,"EPS15;EIF4A3;EIF3A;AP2S1;AP2A2;EEA1;RPLP0;AP2B1;AP2M1;RPL12;AP2A1;EIF3E;RPL10A;RPL7;RPL6;ABI2;LYN;DTNBP1;RPL30;RPS3;CDK5;ITPR1;MKLN1;NEGR1;RPL8;RPL14;MOB4;FLNA;CLTA;ADD1;USP8;UBE3A;VAPB;DSTN;ZDHHC5;BCR;MTMR2","GOCC","rPAL"
"GOCC_ENDOCYTIC_VESICLE",7.92269768610416e-06,0.000153749851970959,0.593325476396405,0.528628754293838,1.97455423898933,87,"EPS15;AP2S1;AP2A2;STX7;AP2B1;AP2M1;AP2A1;STON2;RAB35;CLTC;LYN;GSN;HCLS1;CLTA;RAB11FIP1;ZDHHC5;FLNB;LMBRD1;B2M;TAP2;KIF5B;MTOR;RAB14;SH3KBP1;ACTG1;RAB5C","GOCC","rPAL"
"GOCC_TRANSPORT_VESICLE",8.61637101576345e-06,0.000162144436387549,0.593325476396405,0.468072546934942,1.86760433349625,130,"AFTPH;STX7;AP2B1;AP2M1;AP2A1;TMED2;STON2;AP1B1;SYPL1;CLTC;DTNBP1;ITPR1;SEC13;CLTA;STX10;SCAMP1;SEC16A;UBE3A;AP3M2;PSMD12;MCTP2;MTMR2;RAB6A","GOCC","rPAL"
"GOCC_BBAF_COMPLEX",1.02809007406512e-05,0.000183391899189987,0.593325476396405,0.912217077977766,2.03603313215044,9,"SMARCA2;SMARCC2;SMARCD2;SMARCB1;SMARCE1;SMARCA4","GOCC","rPAL"
"GOCC_PRESYNAPSE",1.03360973778575e-05,0.000183391899189987,0.593325476396405,0.457589725744461,1.85567592848957,146,"AAK1;EPS15L1;AP2S1;AP2A2;STX7;AP2B1;AP2M1;AP2A1;ITSN2;STON2;AP1B1;NECAP1;SYPL1;DTNBP1;CDK5;CLTA;STX10;SCAMP1;UBE3A;AP3M2;VAPB;SNAP29;DSTN;PSMD12;EFR3A;MCTP2;MTMR2","GOCC","rPAL"
"GOCC_EUKARYOTIC_TRANSLATION_INITIATION_FACTOR_3_COMPLEX_EIF3M",1.12271731477645e-05,0.000193668736798938,0.593325476396405,0.94738213076322,1.9706534171502,7,"EIF3A;EIF3M;EIF3B;EIF3F;EIF3I;EIF3H;EIF3D","GOCC","rPAL"
"GOCC_ENDOLYSOSOME",1.33515975860547e-05,0.000224090327052432,0.593325476396405,0.927046900860867,2.00264859010887,8,"AP2S1;AP2A2;AP2B1;AP2M1;AP2A1;CLTC;CLTA","GOCC","rPAL"
"GOCC_TRANS_GOLGI_NETWORK_TRANSPORT_VESICLE_MEMBRANE",1.88556299671993e-05,0.000308140689727125,0.575610261071129,0.883308027182462,2.06791681669719,11,"AFTPH;AP2M1;AP2A1;STON2;AP1B1;CLTC;CLTA;AP3M2","GOCC","rPAL"
"GOCC_NBAF_COMPLEX",2.1392398105068e-05,0.000340632800596082,0.575610261071129,0.898710294321498,2.04080647021661,10,"SMARCA2;SMARCD1;SMARCC2;SMARCB1;SMARCE1;SMARCA4;SMARCC1","GOCC","rPAL"
"GOCC_EXOCYTIC_VESICLE",3.13871411630854e-05,0.0004872853665569,0.557332238758646,0.502485365660887,1.8582593896154,83,"STX7;AP2B1;AP2M1;AP2A1;STON2;AP1B1;SYPL1;DTNBP1;CLTA;STX10;SCAMP1;UBE3A;AP3M2;PSMD12;MCTP2;MTMR2;RAB6A","GOCC","rPAL"
"GOCC_NPBAF_COMPLEX",3.27813937818694e-05,0.000496518183866851,0.557332238758646,0.856286400731541,2.05778095873119,12,"SMARCA2;SMARCD1;SMARCC2;ACTL6A;SMARCB1;SMARCE1;SMARCA4;SMARCC1","GOCC","rPAL"
"GOCC_NUCLEAR_EXOSOME_RNASE_COMPLEX",3.82752626643323e-05,0.000565927097965485,0.557332238758646,0.806561815352095,2.09639102748613,16,"EXOSC10;EXOSC4;EXOSC8;EXOSC7;EXOSC9;EXOSC5;EXOSC2;C1D;NVL;EXOSC3;EXOSC6","GOCC","rPAL"
"GOCC_ENDOLYSOSOME_MEMBRANE",4.59246521995811e-05,0.000660345745657799,0.557332238758646,0.932013545194061,1.93868515990196,7,"AP2S1;AP2A2;AP2B1;AP2M1;AP2A1;CLTC;CLTA","GOCC","rPAL"
"GOCC_TRANS_GOLGI_NETWORK_TRANSPORT_VESICLE",4.67877823010357e-05,0.000660345745657799,0.557332238758646,0.783333420272162,2.07869774450146,17,"AFTPH;AP2M1;AP2A1;STON2;AP1B1;CLTC;CLTA;AP3M2","GOCC","rPAL"
"GOCC_ENDOCYTIC_VESICLE_MEMBRANE",6.55762143517958e-05,0.000904951758054782,0.538434096309916,0.607483128859432,1.99726260578103,46,"EPS15;AP2S1;AP2A2;AP2B1;AP2M1;AP2A1;STON2;RAB35;CLTC;LYN","GOCC","rPAL"
"GOCC_GBAF_COMPLEX",7.47900740493798e-05,0.000999412000453039,0.538434096309916,0.859421925326267,2.01199694481363,11,"SMARCA2;BICRA;SMARCD1;BRD9;BICRAL;ACTL6A;SMARCA4;SMARCC1","GOCC","rPAL"
"GOCC_NUCLEOID",7.56398776510351e-05,0.000999412000453039,0.538434096309916,-0.694515193457729,-2.03558373939461,32,"DBT;DDX28;HADHA;POLDIP2;LRRC59;DHX30;HADHB;GRSF1;TFAM;TRMT10C;TEFM;TFB1M;HSD17B10","GOCC","Sial_rPAL"
"GOCC_CYTOSOLIC_TRANSLATION_PREINITIATION_COMPLEX",0.000122674005276583,0.0015870949432658,0.518848077743792,0.789398486104095,2.051780622242,16,"EIF3C;EIF3A;EIF3M;EIF3B;EIF3F;EIF3I;EIF3L;DHX29;EIF3G;EIF3E;EIF3H;EIF3D;EIF3K","GOCC","rPAL"
"GOCC_GOLGI_ASSOCIATED_VESICLE",0.000125747464854875,0.00159365664642607,0.518848077743792,0.657777084026853,2.01652500601038,33,"AFTPH;AP2M1;AP2A1;TMED2;STON2;AP1B1;CLTC;CLTA;AP3M2","GOCC","rPAL"
"GOCC_PLASMA_MEMBRANE_PROTEIN_COMPLEX",0.000190302836578286,0.00236356123030232,0.518848077743792,0.487523048715502,1.80435026691274,84,"EPS15;EPS15L1;AP2S1;AP2A2;AP2B1;AP2M1;AP2A1;STON2;RIPK1;CLTC;LYN;IKBKB;FLNA;CLTA;SNTB1;EMILIN1;GNG2;APC;ABCB10;B2M","GOCC","rPAL"
"GOCC_RSC_TYPE_COMPLEX",0.000209679048996024,0.00255315077306923,0.518848077743792,0.795684008075485,1.99415039457565,14,"SMARCD1;ARID2;PBRM1;SMARCC2;SMARCD2;ACTL6A;BRD7;SMARCB1;SMARCE1;SMARCA4;SMARCC1","GOCC","rPAL"
"GOCC_NUCLEOLAR_EXOSOME_RNASE_COMPLEX",0.000249471502874377,0.00297926544778823,0.49849310876659,0.864919883924302,1.96407463727156,10,"EXOSC10;EXOSC4;EXOSC8;EXOSC7;EXOSC9;EXOSC5;EXOSC2;EXOSC3;EXOSC6","GOCC","rPAL"
"GOCC_EUKARYOTIC_48S_PREINITIATION_COMPLEX",0.00025467257037463,0.0029839937019367,0.49849310876659,0.780205210712817,1.99402594625409,15,"EIF3C;EIF3A;EIF3M;EIF3B;EIF3F;EIF3I;EIF3L;EIF3G;EIF3E;EIF3H;EIF3D;EIF3K","GOCC","rPAL"
"GOCC_CATALYTIC_STEP_1_SPLICEOSOME",0.000291774308192206,0.00335540454421037,0.49849310876659,0.516896922684783,1.83220450458268,63,"EIF4A3;RBM8A;SRRM2;MAGOH;SF3A1;BUD31;AQR;RBM22;XAB2;EFTUD2;SNW1;ISY1;CWC15;DHX8;CASC3;PPIL1;SF3A3;CDC40;PPWD1;PSME3IP1;CACTIN;SYF2;CRNKL1","GOCC","rPAL"
"GOCC_U2_TYPE_CATALYTIC_STEP_2_SPLICEOSOME",0.000321068822650734,0.00362515888847465,0.49849310876659,0.618074099937122,1.96592796814371,38,"EIF4A3;RBM8A;SRRM2;MAGOH;BUD31;AQR;RBM22;XAB2;EFTUD2;SNW1;CWC15;DHX8;CASC3;PPIL1;CDC40;CACTIN;SYF2;CRNKL1;SNRPA1;PRPF19;SNRPB2","GOCC","rPAL"
"GOCC_CRD_MEDIATED_MRNA_STABILITY_COMPLEX",0.000346282890683474,0.00384002991275781,0.49849310876659,-0.943017885870582,-1.7216466416247,5,"SYNCRIP;HNRNPU;YBX1;DHX9","GOCC","Sial_rPAL"
"GOCC_POSTSYNAPTIC_SPECIALIZATION",0.000409674903469805,0.0044633002641184,0.49849310876659,0.466835481420892,1.75141983876649,88,"EIF3A;RPLP0;RPL12;EIF3E;RPL10A;RPL7;RPL6;LYN;DTNBP1;RPL30;RPS3;CDK5;ITPR1;MKLN1;NEGR1;RPL8;RPL14;ADD1;USP8;ZDHHC5;BCR;MTMR2","GOCC","rPAL"
"GOCC_EXORIBONUCLEASE_COMPLEX",0.000443904877404861,0.00475284360117964,0.49849310876659,0.66615283831149,1.94672713313268,25,"EXOSC10;EXOSC4;EXOSC8;EXOSC7;EXOSC9;EXOSC5;EXOSC2;C1D;NVL;EXOSC3;EXOSC6;LAS1L;SUPV3L1","GOCC","rPAL"
"GOCC_GOLGI_APPARATUS",0.00053777754960039,0.00559200269991864,0.477270815362862,0.343586964411078,1.50410753275187,251,"AFTPH;EI24;CLINT1;PDXDC1;ARHGEF2;PRMT5;AP2M1;AP2A1;TMED2;GLG1;STON2;AP1B1;PLD3;BST2;WDR77;CLTC;LYN;CBFA2T3;GOLGA8O;GOLGA8T;MOB4;GNPNAT1;RGS19;CLTA;STX10;SCAMP1;SEC16A;NCAM1;KPNA2;AP3M2;VAPB;SNAP29;MYO18A;ZDHHC5;SMPD4;GPSM1;VAPA;RAB6A;TMEM165","GOCC","rPAL"
"GOCC_AP_1_ADAPTOR_COMPLEX",0.000540290115934168,0.00559200269991864,0.477270815362862,0.873707563073539,1.88742254327355,8,"AFTPH;AP2M1;STON2;AP1B1","GOCC","rPAL"
"GOCC_RIBONUCLEOPROTEIN_GRANULE",0.000628433396971447,0.00639765802490604,0.477270815362862,-0.352015126085013,-1.44164121813002,390,"NONO;SFPQ;EIF2S1;IGF2BP2;CIRBP;YTHDC2;SSB;DDX28;LSM14A;ALYREF;YTHDF1;TRIM25;DHX36;DDX6;LSM14B;NXF1;PRRC2C;HNRNPU;DHX30;HNRNPAB;RC3H1;CAPRIN1;G3BP2;NCL;RC3H2;GRSF1;YBX1;STAU1;DDX5;U2AF1;SNRNP70;YTHDF2;NSUN2;SNRPC;MBNL1;ZC3H8;FRG1;PIAS1;RBM19;PSPC1;CHTOP;CSNK1A1;XRN1;DHX9;TRIM71;SART3;RBM27;SART1;PRPF18;SRSF2;SNRPGP15;RBM14;TOE1;LUC7L2;PIP5K1A;NRDE2;SRPK2;PKP1;RNF34;SF3B1;RPTOR;SCNM1;GTF2H2;HNRNPA2B1;APOBEC3C;POLDIP3;LUC7L3;FAM76B;DUSP11;RBPMS;SMC6;CDK13;KIF22;HNRNPL;SMN1;PPP1R16B;CDC5L;BRD2;ICE2;NUFIP2;YLPM1;MBD4;RING1;HSF1;U2AF2;LSM1;TRIP12;ZNF638;DDX42;DDX3X;ARGLU1;CPSF6;PHF5A;RBM15B;SFMBT2","GOCC","Sial_rPAL"
"GOCC_ACTIN_CYTOSKELETON",0.000652637578378934,0.00653690219634384,0.477270815362862,0.390050941188024,1.5966969754284,156,"CDC42BPA;KEAP1;ARPC5;ARPC5L;ABI2;TMOD3;GSN;HNRNPC;CAPZA1;FLNA;ADD1;MPRIP;TMOD2;SPECC1L;MYH11;MYO18A;DSTN;RAI14;ANLN;MYO1G;FLNB;IQGAP1;LMO7;ACTC1;TPM4;ABLIM1;CAPZA2;TPM3;DIAPH2;ACTBL2;MYL12B;PXN;ACTG1;LSP1;CAPZB;FLII;EVL;POTEI;SLC2A1;TWF2;INF2;SPTBN1;SPTAN1;ACTN1;GMFG;MED28;RFLNB;MYO5A;ACTA1;VASP;LPXN;IQGAP2;MAEA;MYH10;LANCL2;SH3GL1;PPP1R9B;ACTR3;RAC1;HAX1;NHERF1;ARPC1A;WDR1;MYH9;KAT2B","GOCC","rPAL"
"GOCC_MCRD_MEDIATED_MRNA_STABILITY_COMPLEX",0.000682471911162092,0.00672722312431205,0.477270815362862,-0.931200632784143,-1.70007214723352,5,"HNRNPD;SYNCRIP;PAIP1","GOCC","Sial_rPAL"
"GOCC_ANCHORING_JUNCTION",0.000764661727919251,0.00741960832871648,0.477270815362862,0.335544393959531,1.47235886200007,271,"UBN1;PNN;CDC42BPA;ARHGEF2;RPL4;RPLP0;RPL12;NUMB;RPL10A;ARPC5;RPL7A;RPL7;ARPC5L;RPL6;ABI2;TMOD3;CLTC;LYN;GSN;RPL30;RPS3;RPS16;LIMD1;RPL5;RPL27;RPS5;FOCAD;RPL8;ITGB1BP1;FLNA;ADD1;ANXA5;EIF4G2;MPRIP;SPECC1L;RPLP1;TNKS1BP1;RAI14;RPL18;SNTB1;FLNB;VAPA;SSH2;NHS;RPL23;IQGAP1;LMO7;ACTC1;APC;B2M;TPM4","GOCC","rPAL"
"GOCC_MEMBRANE_PROTEIN_COMPLEX",0.000899470366404131,0.0085934015005687,0.477270815362862,0.329697673189631,1.45082361593312,273,"AFTPH;EPS15;EPS15L1;CLINT1;AP2S1;AP2A2;STX7;AP2B1;AP2M1;AP2A1;STON2;EMC4;AP1B1;RIPK1;NECAP2;NECAP1;CLTC;LYN;VPS33A;IKBKB;SEC13;FLNA;CLTA;EMC2;SEC63;STX10;AP3M2;SNAP29;MTX1;IMMT;SNTB1;TRIM27;CHMP6;EMC1;EMILIN1;GNG2;APC;MT-CO2;ABCB10;B2M","GOCC","rPAL"
"GOCC_VACUOLAR_MEMBRANE",0.0011272367088773,0.0106062726698909,0.45505986738723,0.419806614755994,1.63433009844006,106,"AP2S1;AP2A2;STX7;AP2B1;AP2M1;AP2A1;AP1B1;PLD3;BST2;CLTC;LYN;VPS33A;MGST1;SEC13;CLTA;SNAP29;HPSE;SBF2;MTMR2;VAPA;CHMP6;TMEM165;LMBRD1;OSBPL9;VPS4A;B2M;KIF5B;LAPTM5;ANPEP;MTOR;GNAI3;RAB14;GNB1;ATP6V1E1;RAB5C","GOCC","rPAL"
"GOCC_NUCLEOLAR_RIBONUCLEASE_P_COMPLEX",0.00131967154801079,0.0122315825569358,0.45505986738723,0.871320656420943,1.81243763551482,7,"RPP38;RPP40;POP4;POP1;POP7;RPP30;RPP14","GOCC","rPAL"
"GOCC_CORE_MEDIATOR_COMPLEX",0.00140958323589724,0.0127370081466185,0.45505986738723,0.630232709714707,1.85302547613264,26,"MED26;MED17;MED24;MED25;MED14;MED16;MED15;MED11;MED22;MED19;MED27;MED7;MED4;MED20;MED1;MED28;MED6;MED18","GOCC","rPAL"
"GOCC_CORNIFIED_ENVELOPE",0.00141522312740205,0.0127370081466185,0.45505986738723,-0.69289955824034,-1.83990952045399,21,"NCL;TGM1;HSPB1;JUP;PKP1;DSP;DSG1;ANXA2;PPL;FLG2;HRNR;FLG;DSC1","GOCC","Sial_rPAL"
"GOCC_RIBONUCLEASE_MRP_COMPLEX",0.00149571136251125,0.0132168511499006,0.45505986738723,0.847706242764936,1.83125331665876,8,"RPP38;RPP40;POP4;POP1;POP7;RPP30;RPP14","GOCC","rPAL"
"GOCC_EUKARYOTIC_TRANSLATION_INITIATION_FACTOR_2_COMPLEX",0.00152001257138683,0.0132168511499006,0.45505986738723,-0.920184086730187,-1.67995948574504,5,"EIF2S1;EIF2S3;EIF2S2;EIF2S3B","GOCC","Sial_rPAL"
"GOCC_CELL_SUBSTRATE_JUNCTION",0.00153238853911891,0.0132168511499006,0.45505986738723,0.348783212035425,1.4723386708367,195,"ARHGEF2;RPL4;RPLP0;RPL12;NUMB;RPL10A;ARPC5;RPL7A;RPL7;ARPC5L;RPL6;CLTC;GSN;RPL30;RPS3;RPS16;LIMD1;RPL5;RPL27;RPS5;FOCAD;RPL8;ITGB1BP1;FLNA;ADD1;ANXA5;MPRIP;RPLP1;RPL18;SNTB1;FLNB;SSH2;NHS;RPL23;IQGAP1;LMO7;ACTC1;B2M;TPM4;RPS10","GOCC","rPAL"
"GOCC_ATPASE_COMPLEX",0.00174183082683132,0.0148174923761952,0.45505986738723,0.439722375538685,1.65163730231129,92,"SMARCA2;BICRA;SMARCD1;ARID2;PBRM1;BRD9;SMARCC2;SMARCD2;BICRAL;ACTL6A;BACC1;BRD7;AFG2A;SMARCB1;SMARCE1;SMARCA4;SMARCC1;HMGXB4;BAZ2A;MCRS1;VPS4A;NFRKB;RUVBL1;UCHL5;INO80D;GATAD2B;BCL7C;UBXN7;RBBP4;PHF10;ATP6V1E1;ACTR5;ACTR8;RBBP7","GOCC","rPAL"
"GOCC_EXON_EXON_JUNCTION_COMPLEX",0.00185104356353085,0.0155337574723332,0.45505986738723,0.684035909254215,1.88480232581959,20,"EIF4A3;PNN;RBM8A;UPF1;MAGOH;ACIN1;CCDC9;SAP18;RNPS1;CASC3","GOCC","rPAL"
"GOCC_SNO_S_RNA_CONTAINING_RIBONUCLEOPROTEIN_COMPLEX",0.00188669170013291,0.0156218072771005,0.45505986738723,0.669124715401253,1.86424980068316,21,"RPP38;NOP56;RPP40;POP4;MPHOSPH10;NHP2;POP1;POP7;RPP30;NOP58;RPP14;SNU13;FBL","GOCC","rPAL"
"GOCC_PRC1_COMPLEX",0.00237709446535298,0.0194233639866342,0.431707695803346,-0.709996983201664,-1.79236469496469,17,"CSNK2A1;CSNK2A2;BMI1;RNF2;CBX2;PHC2;KDM2B;RING1;CSNK2B;L3MBTL2","GOCC","Sial_rPAL"
"GOCC_TRANS_GOLGI_NETWORK",0.0026316901420601,0.0210298054949054,0.431707695803346,0.526189838451153,1.73664387843258,47,"AFTPH;AP1B1;CLTC;CLTA;STX10;SCAMP1;AP3M2;MYO18A;SMPD4;RAB6A;TMEM165;OSBPL9","GOCC","rPAL"
"GOCC_EXOSOME_RNASE_COMPLEX",0.00265962121220139,0.0210298054949054,0.431707695803346,0.673947683671037,1.85700508478981,20,"EXOSC10;EXOSC4;EXOSC8;EXOSC7;EXOSC9;EXOSC5;EXOSC2;C1D;NVL;EXOSC3;EXOSC6","GOCC","rPAL"
"GOCC_U1_SNRNP",0.00267528926585753,0.0210298054949054,0.431707695803346,-0.753525633558351,-1.8406698259873,15,"SNRNP70;LUC7L;SNRPC;SNRPE;SNRPA;SNRPGP15;LUC7L2;LUC7L3;SNRPD2;SNRPD3;SNRPF;SNRPD1","GOCC","Sial_rPAL"
"GOCC_NEURON_TO_NEURON_SYNAPSE",0.00273257422946779,0.0212116074562437,0.431707695803346,0.428772745359472,1.61050949381997,92,"EIF3A;RPLP0;RPL12;EIF3E;RPL10A;RPL7;RPL6;DTNBP1;RPL30;RPS3;CDK5;ITPR1;MKLN1;NEGR1;RPL8;RPL14;ADD1;USP8;BCR;MTMR2;RPL18A;ABLIM1;NECTIN1;FABP5;CASP3;SH3KBP1;STXBP5;CAPZB;GPHN","GOCC","rPAL"
"GOCC_SPINDLE_MIDZONE",0.00291315557125955,0.022285958753344,0.431707695803346,-0.672921157585107,-1.78685933571674,21,"HNRNPU;INCENP;RIF1;RACGAP1;CENPV;KIF14;RCC2","GOCC","Sial_rPAL"
"GOCC_PCG_PROTEIN_COMPLEX",0.00294275139738198,0.022285958753344,0.431707695803346,-0.630861006754061,-1.82174661799372,30,"CSNK2A1;CSNK2A2;JARID2;BMI1;RNF2;SUZ12;CBX2;PHC2;KDM2B;MTF2;RING1;YY1;CSNK2B;L3MBTL2;PHF19;EED;CBX4;EZH2","GOCC","Sial_rPAL"
"GOCC_PARASPECKLES",0.00389812809577084,0.029165512620165,0.431707695803346,-0.856079053666897,-1.71413737273422,7,"NONO;SFPQ;PSPC1","GOCC","Sial_rPAL"
"GOCC_MEDIATOR_COMPLEX",0.00427167758727432,0.0315799021630637,0.407017918923954,0.574515328035006,1.75362476833263,32,"MED26;MED17;MED24;BCLAF1;MED25;MED14;MED16;MED11;MED22;MED19;MED27;MED7;MED4;MED20;MED1;MED28;MED6;MED18","GOCC","rPAL"
"GOCC_SM_LIKE_PROTEIN_FAMILY_COMPLEX",0.00439382998530848,0.032100804951489,0.407017918923954,-0.467447376748606,-1.61987819956777,85,"ZCRB1;SNRNP70;LUC7L;SNRPC;SNRPE;RBM42;GEMIN7;SART3;SART1;SNRPA;PRPF18;SNRPGP15;LUC7L2;SF3B1;LUC7L3;SF3B3;SNRPD2;CENATAC;SMN1;SNIP1;SNRPD3;MEPCE;LSM1;GEMIN5;PHF5A;SNRPF;GEMIN4;LARP7;SNRPD1;PATL1;DDX20;SF3A2;SF3B6;SF3B2;LSM8;STRAP;PRPF3","GOCC","Sial_rPAL"
"GOCC_SWI_SNF_SUPERFAMILY_TYPE_COMPLEX",0.00444757643106639,0.0321156391127003,0.407017918923954,0.444148612631781,1.61238030083137,74,"SMARCA2;BICRA;SMARCD1;ARID2;PBRM1;BRD9;SMARCC2;SMARCD2;BICRAL;ACTL6A;BACC1;BRD7;SMARCB1;SMARCE1;SMARCA4;SMARCC1;HMGXB4;BAZ2A;MCRS1;NFRKB;RUVBL1;UCHL5;INO80D;GATAD2B;BCL7C;RBBP4;PHF10;ACTR5;ACTR8;RBBP7","GOCC","rPAL"
"GOCC_SMN_SM_PROTEIN_COMPLEX",0.00452473501999395,0.0322972465220257,0.407017918923954,-0.685344144318758,-1.73012939102703,17,"SNRPE;GEMIN7;SNRPGP15;SNRPD2;SMN1;SNRPD3;GEMIN5;SNRPF;GEMIN4;SNRPD1;DDX20;STRAP;GEMIN8;SNRPB","GOCC","Sial_rPAL"
"GOCC_CORTICAL_CYTOSKELETON",0.00472505617729417,0.0333438623420418,0.407017918923954,0.507304915232775,1.64661424525915,42,"ARPC5;ARPC5L;GSN;CAPZA1;FLNA;DSTN;ANLN;IQGAP1;TPM4;CAPZA2;CAPZB;SLC2A1;SPTBN1;SPTAN1;ACTN1;GMFG;MED28;MAEA;LANCL2;PPP1R9B;WDR1;MYH9","GOCC","rPAL"
"GOCC_P_BODY",0.00496880812599814,0.034669998272414,0.407017918923954,-0.509281466150136,-1.66170869649036,59,"IGF2BP2;LSM14A;YTHDF1;DDX6;RC3H1;CAPRIN1;RC3H2;YBX1;YTHDF2;XRN1;TRIM71","GOCC","Sial_rPAL"
"GOCC_THO_COMPLEX",0.00525286298049437,0.0362447545654112,0.407017918923954,0.85110837163122,1.71874295757653,6,"THOC5;THOC1;THOC7;THOC6;THOC3","GOCC","rPAL"
"GOCC_SYNAPTIC_MEMBRANE",0.00548985718725575,0.037170075071534,0.407017918923954,0.529539017266638,1.67224730965953,37,"AP2B1;AP2M1;DTNBP1;MKLN1;CLTA;MTMR2;NECTIN1;CRKL;GPHN;ATP2B4;RALA;STRN;PPP1R9B;PICALM;RAC1;ZC4H2;SCRIB","GOCC","rPAL"
"GOCC_CYTOPLASMIC_EXOSOME_RNASE_COMPLEX",0.0055066777883754,0.037170075071534,0.407017918923954,0.704200362247033,1.76487326122309,14,"EXOSC10;EXOSC4;EXOSC8;EXOSC7;EXOSC9;EXOSC5;EXOSC2;EXOSC3;EXOSC6","GOCC","rPAL"
"GOCC_TRANS_GOLGI_NETWORK_MEMBRANE",0.00573011379688902,0.0382623727727751,0.407017918923954,0.659177285752342,1.77072960482709,18,"AFTPH;AP1B1;CLTC;CLTA;STX10;SCAMP1;RAB6A;TMEM165","GOCC","rPAL"
"GOCC_POST_MRNA_RELEASE_SPLICEOSOMAL_COMPLEX",0.00644954594729268,0.0426081705666889,0.407017918923954,0.56132850529201,1.71337390321329,32,"BUD31;AQR;RBM22;XAB2;EFTUD2;TFIP11;SNW1;ISY1;CWC15;PPIL1;CDC40;SYF2;CRNKL1;SNRPA1;PRPF19;SNRPB2","GOCC","rPAL"
"GOCC_GLIAL_CELL_PROJECTION",0.00709341215162538,0.0463685152227301,0.407017918923954,-0.882978888548863,-1.61203478838819,5,"EIF2S1","GOCC","Sial_rPAL"
"GOCC_RIBOSOMAL_SUBUNIT",0.00781167986449735,0.0505318041234672,0.407017918923954,0.355966930058646,1.44366713631432,143,"RPL4;RPLP0;RPL12;RPL35A;DHX29;RPL10A;RPL34;RPSA;RPL7A;RPL7;RPL6;RPL30;RPS3;RPS16;RPL27A;RPL5;RPL27;RPS5;RPS20;RPL8;RPL14;RPS12;RPL36;MRPL57;RPLP1;RPL32;RPL18;RPL23;RACK1;RPL18A;MRPL50;RPS10;MRPS5","GOCC","rPAL"
"GOCC_MITOCHONDRIAL_PROTEIN_CONTAINING_COMPLEX",0.00884465212941113,0.0566240100243744,0.380730400722792,-0.424314411885123,-1.49850205715417,98,"MRPL11;HADHA;HADHB;MRPL54;MRPL9;MRPL46;TRMT10C;MICU1;MICU2;MRPL1;MRPL40;TIMM8B;TIMM13;PAM16;MRPL45;CHCHD1;HSD17B10;GADD45GIP1;MRPL48;SPG7;MRPL39;DNAJC19;MRPS21;MRPL41;DNAJC11","GOCC","Sial_rPAL"
"GOCC_TRNA_METHYLTRANSFERASE_COMPLEX",0.00931353184000423,0.0590173803330881,0.380730400722792,-0.75235314933712,-1.6953675031552,11,"TRMT6;TRMT61A;TRMT10C;BUD23;ALKBH8;HSD17B10;WDR4","GOCC","Sial_rPAL"
"GOCC_GOLGI_APPARATUS_SUBCOMPARTMENT",0.0100768298985801,0.0632092057274567,0.380730400722792,0.431101188840184,1.56373041102619,71,"AFTPH;TMED2;AP1B1;CLTC;GOLGA8O;GOLGA8T;MOB4;CLTA;STX10;SCAMP1;AP3M2;MYO18A;SMPD4;RAB6A;TMEM165;OSBPL9","GOCC","rPAL"
"GOCC_HISTONE_PRE_MRNA_3_END_PROCESSING_COMPLEX",0.0119709730335309,0.0743397425382267,0.380730400722792,-0.862428556740555,-1.57451650769367,5,"SYNCRIP;YBX1;SLBP;ERI1","GOCC","Sial_rPAL"
"GOCC_CATALYTIC_STEP_2_SPLICEOSOME",0.0122152285687531,0.0751055142692639,0.380730400722792,0.368597606621681,1.40062035694271,97,"EIF4A3;PNN;RBM8A;SRRM2;MAGOH;SF3A1;BUD31;AQR;RBM22;WDR83;XAB2;HNRNPC;EFTUD2;GPATCH1;TFIP11;SNW1;ISY1;CWC15;DHX35;DHX8;CASC3;PPIL1;SF3A3;CDC40;PPWD1;CACTIN;SYF2;CRNKL1;ZCCHC8;GPKOW","GOCC","rPAL"
"GOCC_SIDE_OF_MEMBRANE",0.0143925391251868,0.0876251646739317,0.380730400722792,0.367429543741631,1.44133661332654,113,"AP2S1;AP2A2;AP2B1;AP2M1;AP2A1;BDH1;BST2;CD109;LYN;QTRT1;RPL27;NEGR1;IKBKB;RGS19;TMEM123;ANXA5;NCAM1;PTPN22","GOCC","rPAL"
"GOCC_MITOCHONDRIAL_LARGE_RIBOSOMAL_SUBUNIT",0.015963377886553,0.0962452200732952,0.352487857583619,-0.57446364870746,-1.65888713676851,30,"MRPL11;MRPL54;MRPL9;MRPL46;MRPL1;MRPL40;MRPL45;GADD45GIP1;MRPL48;MRPL39;MRPL41;MRPL55;MRPL16","GOCC","Sial_rPAL"
"GOCC_VACUOLE",0.016377641537693,0.0977217311225363,0.352487857583619,0.326952694129871,1.37577959082982,192,"AP2S1;AP2A2;STX7;AP2B1;AP2M1;AP2A1;AP1B1;PLD3;BST2;WDR83;CLTC;LYN;VPS33A;MGST1;SEC13;CLTA;CPPED1;CLNK;SNAP29;HPSE;SBF2;MCRS1;MTMR2;DPP7;VAPA;HEXB;CHMP6;TMEM165;LMBRD1;OSBPL9;VPS4A;B2M;PIP4K2A;TNFAIP3;KIF5B;LAPTM5;ANPEP;AUP1;MTOR;GNAI3;S100A7;RAB14;FABP5;GNB1;CD34;ATP6V1E1;RAB5C","GOCC","rPAL"
"GOCC_LARGE_RIBOSOMAL_SUBUNIT",0.0165229980158878,0.0977217311225363,0.352487857583619,0.39020676671878,1.43493618569959,81,"RPL4;RPLP0;RPL12;RPL35A;RPL10A;RPL34;RPL7A;RPL7;RPL6;RPL30;RPL27A;RPL5;RPL27;RPL8;RPL14;RPL36;MRPL57;RPLP1;RPL32;RPL18;RPL23;RPL18A;MRPL50","GOCC","rPAL"
"GOCC_NUCLEAR_UBIQUITIN_LIGASE_COMPLEX",0.0177876351337066,0.104208692622942,0.352487857583619,-0.580744094859845,-1.64629345924702,28,"CSNK2A1;CSNK2A2;BMI1;RNF2;CBX2;PHC2;KDM2B;ANAPC5;RING1;CSNK2B;L3MBTL2;UBE2S;CBX4","GOCC","Sial_rPAL"
"GOCC_RNA_POLYMERASE_III_COMPLEX",0.020480096049691,0.118861118194936,0.352487857583619,-0.682529019241786,-1.66724330948958,15,"POLR3H;POLR3D;POLR3A;POLR3E;POLR3B;POLR2F;POLR3F;POLR2K;POLR1C","GOCC","Sial_rPAL"
"GOCC_SMALL_NUCLEAR_RIBONUCLEOPROTEIN_COMPLEX",0.0213415392129571,0.122286079367052,0.352487857583619,-0.453442049496359,-1.54112931486033,73,"ZCRB1;SNRNP70;LUC7L;SNRPC;SNRPE;RBM42;SART3;SART1;SNRPA;PRPF18;SNRPGP15;LUC7L2;SF3B1;LUC7L3;SF3B3;SNRPD2;CENATAC;SNIP1;SNRPD3;MEPCE;PHF5A;SNRPF;GEMIN4;LARP7;SNRPD1;SF3A2;SF3B6;SF3B2;LSM8;PRPF3;USP39;DDX23","GOCC","Sial_rPAL"
"GOCC_U2_TYPE_SPLICEOSOMAL_COMPLEX",0.0214640622399495,0.122286079367052,0.352487857583619,0.373667285148014,1.41851607870455,96,"EIF4A3;RBM8A;SRRM2;MAGOH;SF3A1;BUD31;AQR;RBM22;XAB2;EFTUD2;TFIP11;SNW1;SMU1;ISY1;CWC15;DHX8;CASC3;PPIL1;SF3A3;CDC40;PPWD1;PSME3IP1;CACTIN;SYF2;CRNKL1","GOCC","rPAL"
"GOCC_EARLY_ENDOSOME_MEMBRANE",0.0288213334886352,0.162709528149477,0.352487857583619,0.456915439091958,1.4830596911178,42,"EPS15;EEA1;STX7;PLD3","GOCC","rPAL"
"GOCC_SYNAPTIC_VESICLE_MEMBRANE",0.0331199585258631,0.185292740941991,0.321775918075361,0.551244133305166,1.53582245878583,21,"SYPL1;DTNBP1;CLTA;STX10;SCAMP1;MCTP2","GOCC","rPAL"
"GOCC_SCHAFFER_COLLATERAL_CA1_SYNAPSE",0.0341315923463122,0.189247489705892,0.321775918075361,0.587916110843541,1.56012735055008,17,"EEA1;DTNBP1;ITPR1;BCR;ACTG1;CAPZB;RALA","GOCC","rPAL"
"GOCC_LATE_ENDOSOME",0.0346345015420644,0.190336508474531,0.321775918075361,0.408334455248088,1.41674793076488,59,"STX7;PLD3;BST2;VPS33A;NEGR1;GNPNAT1;VTA1;CHMP6;OSBPL9;VPS4A;B2M;RAB14;DYNC1LI2;SQSTM1;ANXA6;MAPKAP1;MYO5A;VPS13C;RAB27B","GOCC","rPAL"
"GOCC_RPAP3_R2TP_PREFOLDIN_LIKE_COMPLEX",0.0349434906504486,0.190350067490602,0.321775918075361,0.664542096274452,1.55576280753676,11,"PIH1D1;DNAAF10;URI1;PFDN2;RPAP3;RUVBL1","GOCC","rPAL"
"GOCC_TERMINAL_BOUTON",0.0360655486241156,0.194753962570224,0.321775918075361,0.809556052899094,1.53121916319169,5,"AAK1;TBC1D24;CAD","GOCC","rPAL"
"GOCC_MRNA_CLEAVAGE_FACTOR_COMPLEX",0.0378601203883043,0.202682196216698,0.321775918075361,-0.589973481969901,-1.51590424589021,19,"CPSF7;CSNK1A1;SCAF8;PCF11;PIP5K1A;CPSF6;TUT1;FIP1L1;CSTF1;CPSF4;NUDT21","GOCC","Sial_rPAL"
"GOCC_ACTOMYOSIN",0.0395740714712575,0.210046994732059,0.321775918075361,0.488815597827648,1.49203876322975,32,"CDC42BPA;MYO18A;RAI14;FLNB;TPM4;ABLIM1;TPM3;MYL12B;PXN;EVL;ACTN1;ACTA1;MYH10;MYH9;KAT2B","GOCC","rPAL"
"GOCC_BASAL_PART_OF_CELL",0.0410674326588522,0.212960156689147,0.321775918075361,0.450893497119373,1.46631482939754,43,"EPS15;AP2A1;NUMB;IQGAP1;EPPK1;CHP1;SLC16A1;CD34;ATP1B3;SLC1A5;ATP2B4;IDE;DOCK7;SLC2A1","GOCC","rPAL"
"GOCC_SIGNAL_RECOGNITION_PARTICLE",0.041211099974744,0.212960156689147,0.321775918075361,-0.804259915163246,-1.53152983542742,6,"SRP9;SRP68;SRP72","GOCC","Sial_rPAL"
"GOCC_CYTOPLASMIC_SIDE_OF_PLASMA_MEMBRANE",0.0412582926634037,0.212960156689147,0.321775918075361,0.423303437380383,1.45069405019503,54,"AP2S1;AP2A2;AP2B1;AP2M1;AP2A1;LYN;IKBKB;RGS19;PTPN22;IQGAP1;GNG2","GOCC","rPAL"
"GOCC_GLUTAMATERGIC_SYNAPSE",0.0415614018504773,0.212960156689147,0.321775918075361,0.325048832994303,1.31827503699258,143,"EPS15;EIF4A3;EEA1;AP2B1;AP2M1;AP2A1;NUMB;ARPC5L;LYN;DTNBP1;MOB4;FLNA;USP8;UBE3A;AP3M2;VAPB;DSTN;EFR3A;ZDHHC5;BCR","GOCC","rPAL"
"GOCC_EARLY_ENDOSOME",0.0418375831176745,0.212960156689147,0.321775918075361,0.346179787557449,1.31469800383875,98,"EPS15;EEA1;STX7;NUMB;AP1B1;PLD3;VPS33A;USP8;AP3M2;MTMR2;TRIM27;RFTN1;VPS4A;B2M","GOCC","rPAL"
"GOCC_PRESYNAPTIC_MEMBRANE",0.0442454689089601,0.221822278397538,0.321775918075361,0.610834689436391,1.53087937497484,14,"AP2B1;AP2M1;CLTA;NECTIN1;ATP2B4;PICALM;RAC1;SCRIB","GOCC","rPAL"
"GOCC_ORGANELLAR_RIBOSOME",0.0442930153321976,0.221822278397538,0.282013350011725,-0.446401037226949,-1.43082562407983,55,"MRPL11;MTG2;MRPL54;MRPL9;MRPL46;MRPL1;MRPL40;MRPL45;CHCHD1;GADD45GIP1;MRPL48;MRPL39;MRPS21;MRPL41;MRPL55;MRPL16;MRPL47;MRPS6;MRPL14;MRPS15;MRPS14","GOCC","Sial_rPAL"
"GOCC_PRP19_COMPLEX",0.0486303898410672,0.239679358717435,0.321775918075361,0.624478755212805,1.52997113251035,13,"RBM22;XAB2;ISY1;CWC15;SYF2;CRNKL1;PRPF19","GOCC","rPAL"
"GOCC_U11_U12_SNRNP",0.0490566037735849,0.239679358717435,0.282013350011725,-0.5683642007832,-1.46038039252619,19,"ZCRB1;SNRPE;SF3B1;SF3B3;SNRPD2;SNRPD3;SNRPF;SNRPD1;SF3B6;SF3B2;SF3B5;SNRPB","GOCC","Sial_rPAL"
"GOCC_MITOTIC_SPINDLE_MIDZONE",0.0499726536367077,0.239679358717435,0.321775918075361,-0.742965833965477,-1.53889880766017,8,"HNRNPU;RCC2","GOCC","Sial_rPAL"
